Champion,Overall_Winrate,Aftershock_Winrate,Aftershock_Pickrate,Aftershock_Games,Arcane Comet_Winrate,Arcane Comet_Pickrate,Arcane Comet_Games,Conqueror_Winrate,Conqueror_Pickrate,Conqueror_Games,Dark Harvest_Winrate,Dark Harvest_Pickrate,Dark Harvest_Games,Electrocute_Winrate,Electrocute_Pickrate,Electrocute_Games,First Strike_Winrate,First Strike_Pickrate,First Strike_Games,Fleet Footwork_Winrate,Fleet Footwork_Pickrate,Fleet Footwork_Games,Glacial Augment_Winrate,Glacial Augment_Pickrate,Glacial Augment_Games,Grasp of the Undying_Winrate,Grasp of the Undying_Pickrate,Grasp of the Undying_Games,Guardian_Winrate,Guardian_Pickrate,Guardian_Games,Hail of Blades_Winrate,Hail of Blades_Pickrate,Hail of Blades_Games,Lethal Tempo_Winrate,Lethal Tempo_Pickrate,Lethal Tempo_Games,Phase Rush_Winrate,Phase Rush_Pickrate,Phase Rush_Games,Press the Attack_Winrate,Press the Attack_Pickrate,Press the Attack_Games,Summon Aery_Winrate,Summon Aery_Pickrate,Summon Aery_Games,Unsealed Spellbook_Winrate,Unsealed Spellbook_Pickrate,Unsealed Spellbook_Games
Aatrox,52.89,39.1,0.0,46,47.2,0.1,72,53.0,96.3,"126,013",50.9,1.7,"2,180",49.7,0.3,394,55.6,0.0,45,50.0,0.1,78,58.4,0.1,77,55.6,1.0,"1,301",25.0,0.0,8,45.7,0.1,129,41.5,0.2,217,54.1,0.1,135,40.0,0.1,120,34.2,0.0,38,47.6,0.0,21
Ahri,50.84,46.9,0.0,64,52.9,1.2,"1,849",52.8,0.8,"1,215",50.6,54.5,"86,336",51.2,41.9,"66,389",49.8,0.2,281,44.5,0.1,110,56.0,0.1,134,53.8,0.2,314,50.0,0.0,18,41.9,0.1,93,43.5,0.3,499,51.1,0.2,362,38.9,0.1,167,52.5,0.4,623,52.6,0.0,38
Akali,41.44,,,,36.3,0.1,91,42.5,54.1,"59,254",41.5,8.1,"8,846",39.5,34.7,"38,001",32.4,0.1,74,40.7,0.3,339,,,,47.3,2.2,"2,400",30.0,0.0,10,33.9,0.1,56,30.6,0.1,147,45.9,0.1,61,30.0,0.1,70,32.2,0.1,59,31.6,0.0,19
Akshan,48.96,,,,37.2,0.1,86,47.7,0.4,331,48.6,2.3,"1,819",51.1,0.5,368,55.5,0.3,209,48.9,0.6,444,,,,48.5,0.3,266,50.0,0.0,10,51.2,0.2,121,48.2,18.4,"14,795",37.0,0.0,27,49.2,76.9,"61,821",47.7,0.1,44,26.7,0.0,15
Alistar,50.92,51.7,71.2,"60,655",36.2,0.2,210,43.4,0.3,221,37.7,3.2,"2,709",39.6,2.4,"2,057",40.8,0.1,76,42.9,0.0,35,48.4,0.9,756,53.2,16.4,"13,954",47.5,0.3,236,26.4,0.1,53,39.9,0.2,138,48.3,4.5,"3,850",40.0,0.1,45,52.1,0.1,73,50.6,0.2,160
Amumu,48.75,51.8,67.9,"42,744",47.4,0.4,249,48.4,3.3,"2,097",40.5,23.6,"14,889",44.4,1.1,662,50.7,0.2,142,56.5,0.0,23,46.7,0.2,135,49.5,2.3,"1,441",61.4,0.1,57,54.3,0.1,35,31.6,0.2,98,42.9,0.4,238,45.2,0.1,62,35.1,0.1,77,65.0,0.0,20
Anivia,49.53,62.2,0.1,74,49.6,25.7,"19,761",54.7,0.7,543,49.4,56.3,"43,225",49.4,13.9,"10,660",47.5,0.2,120,66.7,0.0,24,50.0,0.5,386,50.0,0.5,396,44.8,0.0,29,48.5,0.0,33,35.7,0.2,154,51.9,1.2,932,41.2,0.1,51,52.2,0.4,316,49.2,0.1,65
Annie,50.79,35.3,0.1,51,53.9,1.8,"1,386",45.0,0.2,191,51.4,77.2,"59,268",47.9,17.6,"13,504",52.7,0.5,406,41.4,0.0,29,52.1,0.1,94,45.9,0.2,135,52.9,0.0,17,44.7,0.0,38,34.2,0.2,190,54.2,0.9,659,,,,55.2,0.9,723,54.5,0.0,22
Aphelios,53.59,52.4,0.0,21,47.6,0.1,82,55.2,20.2,"30,121",47.8,1.3,"1,992",51.8,0.1,114,61.5,0.2,288,56.3,1.3,"2,000",33.3,0.0,6,55.7,0.1,115,37.5,0.0,8,48.3,0.1,176,51.9,54.5,"81,139",46.2,0.0,39,56.5,21.9,"32,671",32.6,0.0,46,51.7,0.0,29
Ashe,53.03,34.0,0.0,47,42.3,23.2,"43,556",52.8,0.2,305,41.2,3.7,"6,876",40.9,0.1,137,39.0,0.2,377,57.3,0.1,255,42.2,0.0,64,55.6,0.1,180,50.0,0.0,18,50.2,0.3,504,57.4,68.6,"128,965",46.7,0.0,60,53.0,3.4,"6,419",41.2,0.1,199,48.6,0.0,35
Aurelion Sol,47.78,35.9,0.0,39,52.3,15.0,"16,319",42.6,0.7,799,47.1,73.5,"80,124",37.2,0.1,113,46.9,9.8,"10,664",44.1,0.0,34,30.0,0.0,30,37.6,0.1,109,48.1,0.0,27,26.4,0.0,53,45.5,0.1,99,54.5,0.1,145,36.1,0.1,72,48.5,0.3,379,54.2,0.0,24
Azir,48.81,44.4,0.0,36,46.7,0.6,689,48.5,10.8,"12,267",48.0,9.2,"10,508",47.6,0.3,330,49.5,0.1,103,46.3,0.1,149,35.3,0.0,17,55.7,1.4,"1,566",38.5,0.0,13,47.9,0.6,726,48.9,76.5,"87,041",38.7,0.1,62,50.5,0.2,186,48.8,0.1,127,52.6,0.0,19
Bard,46.87,42.1,0.2,140,48.0,1.1,902,39.8,0.2,171,45.1,43.8,"34,528",49.9,28.3,"22,353",36.6,0.2,145,48.2,0.7,568,45.9,0.6,499,48.6,4.5,"3,534",50.8,1.7,"1,324",46.1,1.8,"1,429",45.1,5.2,"4,075",44.0,0.2,184,45.4,8.5,"6,744",48.1,2.3,"1,798",45.4,0.7,513
Bel'Veth,53.64,53.6,0.2,56,41.7,0.2,60,54.1,63.5,"22,063",39.2,1.5,513,50.0,0.1,34,44.4,0.1,27,45.5,0.1,22,45.5,0.0,11,58.7,1.5,518,,,,66.7,0.1,18,53.6,28.2,"9,810",27.8,0.1,18,51.4,4.5,"1,575",41.7,0.0,12,42.9,0.0,7
Blitzcrank,49.07,53.1,54.7,"95,690",45.1,0.5,814,46.1,0.2,395,42.1,33.0,"57,743",45.1,1.4,"2,531",39.5,0.3,602,41.9,0.1,93,51.6,4.5,"7,938",53.4,2.5,"4,333",57.5,0.7,"1,229",35.4,0.2,390,37.7,0.2,395,49.8,0.7,"1,244",41.8,0.1,182,49.1,0.1,234,52.4,0.6,972
Brand,53.1,38.0,0.0,50,54.1,16.8,"21,846",51.1,0.8,985,52.9,80.7,"105,176",52.0,0.4,494,52.9,0.4,510,54.1,0.0,37,51.1,0.0,47,53.3,0.1,137,31.3,0.0,16,42.6,0.0,61,44.7,0.1,170,56.1,0.2,221,45.1,0.1,82,55.9,0.4,517,53.1,0.0,32
Braum,52.2,51.6,2.5,"1,284",39.0,0.2,100,44.6,0.3,130,36.0,0.4,211,45.3,0.1,53,28.6,0.0,14,41.4,0.1,29,52.5,0.4,217,52.1,27.9,"14,202",52.8,66.3,"33,765",43.1,0.5,246,36.0,0.6,314,33.8,0.1,65,42.6,0.1,54,46.2,0.1,39,46.8,0.3,173
Briar,54.22,51.9,5.1,"2,061",32.3,0.1,31,54.6,78.5,"31,624",32.8,1.9,769,33.6,0.3,116,31.6,0.1,38,50.0,0.1,26,30.0,0.0,20,57.2,3.3,"1,342",60.0,0.0,5,51.2,2.3,939,53.1,1.3,537,16.7,0.1,24,59.7,6.8,"2,733",40.0,0.0,10,40.0,0.0,10
Caitlyn,53.77,45.8,0.0,48,44.4,0.1,205,51.6,0.2,378,48.7,23.3,"46,942",51.9,0.1,189,56.4,1.7,"3,506",56.6,3.5,"7,103",33.3,0.0,15,45.9,0.1,233,35.7,0.0,14,50.5,0.3,626,56.8,29.2,"58,661",45.7,0.0,70,54.3,41.2,"82,939",47.3,0.1,131,50.0,0.0,36
Camille,50.36,41.0,0.4,200,46.4,0.1,56,49.2,64.3,"30,579",40.9,0.7,337,45.7,0.2,94,43.8,0.1,32,51.3,0.6,265,63.6,0.0,11,53.6,30.8,"14,672",28.6,0.0,7,39.2,0.6,273,49.2,0.1,65,44.6,0.1,56,49.3,1.9,886,38.9,0.0,18,25.0,0.0,16
Cassiopeia,50.36,12.5,0.0,16,50.4,1.0,567,50.7,85.6,"48,521",47.8,10.5,"5,961",52.1,0.2,140,54.2,0.0,24,48.0,0.0,25,58.3,0.0,12,45.8,0.1,59,37.5,0.0,8,37.0,0.0,27,47.0,0.2,115,50.5,1.9,"1,061",54.3,0.1,46,47.5,0.2,118,63.6,0.0,11
Cho'Gath,51.56,50.3,1.3,"1,349",49.1,3.8,"4,106",47.4,0.3,327,44.5,15.9,"17,113",47.3,0.2,182,32.3,0.1,96,46.7,0.0,45,49.2,0.8,886,53.4,73.5,"79,238",54.5,0.1,154,49.3,3.1,"3,383",47.8,0.1,159,49.0,0.5,586,45.7,0.1,70,40.9,0.1,66,50.0,0.0,44
Corki,49.19,,,,44.2,0.3,292,54.0,20.5,"21,050",47.6,46.9,"48,110",49.0,0.2,251,47.6,12.1,"12,390",52.9,2.0,"2,094",,,,50.2,0.2,209,55.6,0.0,9,48.0,14.4,"14,831",54.3,1.6,"1,598",41.5,0.0,41,48.9,1.6,"1,679",45.2,0.1,73,30.4,0.0,23
Darius,53.63,55.1,0.4,343,48.6,0.1,74,53.4,86.9,"77,335",42.8,1.1,982,45.2,0.1,104,50.0,0.0,40,50.0,0.2,144,56.4,0.1,55,58.3,8.3,"7,395",26.7,0.0,15,42.7,0.7,621,50.0,0.3,226,55.4,1.6,"1,435",48.5,0.2,169,48.1,0.0,27,47.8,0.0,23
Diana,49.88,40.9,0.2,127,41.0,0.2,188,51.8,55.0,"42,149",46.2,35.1,"26,860",48.4,4.1,"3,122",53.9,0.3,256,43.8,0.0,16,41.7,0.0,12,58.1,3.8,"2,893",46.7,0.0,15,38.8,0.1,85,46.6,0.2,163,53.8,0.7,572,35.4,0.1,48,44.0,0.1,50,44.4,0.0,9
Draven,48.45,50.0,0.0,20,31.6,0.1,76,48.6,1.7,"1,649",47.8,43.7,"42,582",41.5,0.1,82,50.4,0.1,127,46.6,0.9,878,42.9,0.0,7,39.0,0.1,123,50.0,0.0,6,46.7,13.2,"12,855",52.7,16.5,"16,048",36.1,0.0,36,47.8,23.5,"22,885",40.6,0.0,32,38.5,0.0,13
Dr. Mundo,52.3,,,,38.8,0.5,348,45.4,6.8,"4,637",40.6,0.5,325,41.5,0.1,65,44.8,0.1,58,43.9,0.3,171,,,,53.1,91.0,"61,662",47.5,0.1,80,42.4,0.0,33,41.5,0.2,135,44.9,0.2,107,40.0,0.1,50,26.8,0.1,41,60.0,0.0,15
Ekko,49.15,53.5,0.1,86,50.3,0.4,300,50.9,0.8,654,49.1,74.5,"61,244",48.0,16.3,"13,378",48.7,0.2,191,58.7,0.1,63,33.3,0.0,9,52.9,3.8,"3,105",47.4,0.0,19,50.3,3.0,"2,506",42.3,0.2,149,51.3,0.5,374,50.9,0.1,57,41.0,0.0,39,33.3,0.0,21
Elise,49.66,37.3,0.2,59,49.4,7.5,"2,906",52.9,1.0,391,49.6,81.8,"31,797",50.1,6.3,"2,441",54.7,0.4,161,41.7,0.0,12,42.3,0.1,26,52.9,2.0,780,25.0,0.0,8,40.0,0.1,20,38.6,0.2,88,42.9,0.1,49,42.7,0.2,82,48.9,0.1,47,42.9,0.0,7
Evelynn,50.01,36.4,0.0,11,40.3,0.3,67,47.4,0.5,135,48.2,48.6,"12,236",51.9,48.9,"12,320",55.8,0.8,190,42.9,0.0,7,33.3,0.0,9,37.5,0.2,40,66.7,0.0,3,11.1,0.0,9,40.0,0.2,40,54.9,0.3,71,28.6,0.1,21,47.8,0.1,23,25.0,0.0,4
Ezreal,51.24,,,,46.7,0.4,852,52.3,73.1,"162,616",46.2,16.6,"36,881",44.2,0.2,378,48.7,0.8,"1,828",50.8,0.4,890,,,,50.1,0.5,"1,165",50.0,0.0,16,41.7,0.0,84,52.5,2.7,"6,025",43.6,0.0,78,52.7,5.1,"11,450",46.8,0.1,190,38.5,0.0,26
Fiddlesticks,52.58,53.5,1.5,"1,358",55.9,1.9,"1,764",50.0,0.8,734,52.5,85.1,"79,098",56.7,0.8,751,52.6,8.8,"8,219",51.7,0.0,29,63.3,0.2,169,44.7,0.2,152,54.2,0.0,24,42.9,0.0,35,48.3,0.1,116,48.0,0.3,269,36.7,0.1,60,43.7,0.1,119,34.5,0.0,29
Fiora,51.8,53.8,0.0,13,31.7,0.1,41,52.6,82.5,"30,205",43.8,0.7,251,50.7,0.2,67,40.0,0.1,25,53.7,0.6,227,0.0,0.0,4,48.3,13.3,"4,862",0.0,0.0,2,54.3,0.1,35,41.6,0.3,101,54.0,0.2,63,48.4,1.8,677,50.0,0.1,20,12.5,0.0,8
Fizz,48.56,44.4,0.0,36,37.9,0.3,206,43.8,0.7,537,47.8,47.2,"36,021",48.7,28.4,"21,662",54.9,0.2,182,46.3,0.1,41,50.0,0.0,6,50.4,22.4,"17,114",50.0,0.0,6,37.3,0.1,59,43.2,0.2,118,48.2,0.2,141,40.5,0.2,173,50.9,0.1,55,33.3,0.0,12
Galio,52.57,53.6,76.6,"67,058",49.1,0.5,477,50.6,0.5,419,45.9,12.0,"10,470",48.7,0.7,647,47.3,0.1,93,60.9,0.0,23,54.3,0.2,140,55.1,5.4,"4,736",50.0,0.1,118,40.5,0.0,37,41.7,0.1,103,51.2,3.5,"3,062",44.4,0.1,45,27.1,0.1,59,53.3,0.1,45
Gangplank,51.58,,,,56.0,3.6,"4,858",50.1,0.3,415,51.1,77.0,"102,968",40.8,0.1,184,52.6,16.7,"22,348",55.6,0.8,"1,028",,,,53.3,1.0,"1,393",33.3,0.0,9,50.9,0.1,116,51.5,0.1,169,50.0,0.1,70,38.5,0.1,78,52.5,0.1,99,50.0,0.0,12
Garen,52.02,,,,42.6,0.1,61,52.7,79.2,"53,301",42.0,1.3,847,33.6,0.2,140,35.7,0.2,112,47.0,0.2,168,,,,50.4,13.2,"8,890",51.4,0.1,35,39.2,0.1,79,41.2,0.3,194,50.3,4.9,"3,330",43.1,0.2,102,58.8,0.1,34,39.3,0.0,28
Gnar,53.71,50.5,0.1,103,44.4,0.1,90,52.3,31.5,"22,544",45.7,0.7,536,42.9,0.1,84,48.0,0.0,25,55.1,22.1,"15,803",16.7,0.0,6,54.7,42.6,"30,492",72.7,0.0,22,39.3,0.2,117,47.0,1.5,"1,078",51.7,0.1,58,49.6,0.8,571,46.2,0.0,26,57.1,0.0,21
Gragas,52.22,58.0,3.2,"3,506",54.0,1.6,"1,794",52.4,0.2,246,49.8,62.9,"69,032",54.2,2.9,"3,128",50.5,0.4,392,46.5,0.0,43,62.5,0.1,72,56.6,22.7,"24,874",56.0,0.0,50,42.3,0.0,52,37.7,0.1,130,57.1,5.7,"6,251",35.5,0.1,62,49.4,0.1,81,46.4,0.0,28
Graves,47.39,,,,35.5,0.3,290,47.3,6.8,"7,358",47.4,76.3,"82,383",47.0,0.3,368,53.2,0.1,156,48.0,15.0,"16,182",,,,46.2,0.3,346,25.0,0.0,4,43.0,0.2,200,45.1,0.3,297,46.9,0.1,98,43.1,0.2,197,31.8,0.0,44,41.7,0.0,12
Gwen,50.6,,,,40.6,0.1,69,50.8,93.7,"48,398",48.2,1.0,521,46.1,0.1,76,59.5,0.4,195,65.5,0.1,29,,,,54.5,0.8,402,40.0,0.0,5,46.4,0.1,69,47.5,0.8,434,43.0,0.3,149,45.5,2.4,"1,265",36.0,0.0,25,50.0,0.0,8
Hecarim,49.07,44.9,0.3,89,38.9,0.1,36,49.9,84.1,"28,672",35.4,1.3,435,42.4,0.3,99,28.6,0.1,21,30.3,0.1,33,22.2,0.0,9,43.8,1.0,356,14.3,0.0,7,23.1,0.1,26,35.5,0.2,62,46.7,12.3,"4,183",46.2,0.1,39,43.8,0.0,16,16.7,0.0,12
Heimerdinger,49.56,36.4,0.1,33,51.1,45.3,"27,287",53.6,3.4,"2,076",47.8,49.1,"29,575",55.3,0.4,257,52.7,0.2,150,51.9,0.0,27,65.0,0.1,60,51.0,0.2,104,57.1,0.0,7,36.4,0.1,33,45.3,0.2,117,47.5,0.1,80,44.7,0.1,76,52.6,0.6,390,52.2,0.0,23
Hwei,53.65,41.9,0.0,31,56.7,26.2,"35,185",58.2,0.7,979,52.4,70.6,"94,694",54.9,0.3,448,55.6,0.8,"1,087",40.9,0.0,22,71.9,0.0,32,50.7,0.1,71,42.9,0.0,14,46.7,0.0,30,45.7,0.1,140,61.6,0.2,263,49.0,0.0,49,60.1,0.8,"1,087",62.5,0.0,32
Illaoi,50.55,,,,39.2,0.1,51,49.9,71.6,"36,589",37.7,1.2,616,30.0,0.1,50,41.9,0.2,105,46.5,0.1,43,,,,53.2,26.3,"13,448",30.8,0.0,13,43.9,0.1,41,46.4,0.1,69,20.0,0.0,20,32.4,0.1,37,29.2,0.0,24,28.6,0.0,14
Irelia,54.59,51.4,0.0,35,40.2,0.4,333,55.7,89.5,"78,385",41.0,4.5,"3,896",42.3,0.6,551,46.1,0.6,549,44.2,0.0,43,35.7,0.0,14,48.9,0.5,407,50.0,0.0,8,48.0,0.1,50,49.9,1.3,"1,096",42.4,0.1,66,50.2,2.4,"2,061",28.6,0.0,35,43.8,0.0,16
Ivern,54.21,42.2,0.1,64,48.7,0.7,417,41.2,0.2,102,45.3,11.3,"6,370",32.8,0.1,64,50.0,0.1,34,18.8,0.0,16,55.7,1.1,636,42.3,0.5,298,52.6,0.8,435,36.1,0.1,36,40.4,0.5,292,44.6,0.1,56,46.2,1.9,"1,048",56.0,82.3,"46,243",50.6,0.1,79
Janna,54.74,40.8,0.1,49,51.0,21.7,"15,977",51.1,0.1,94,47.3,2.4,"1,788",37.8,0.1,82,43.3,0.1,97,37.5,0.0,24,55.6,57.1,"41,956",31.0,0.2,116,56.3,0.4,277,33.3,0.1,39,28.9,0.5,395,53.2,0.1,79,36.7,0.1,90,59.3,16.8,"12,330",44.7,0.2,132
Jarvan IV,48.43,52.2,0.8,836,39.0,0.2,213,50.8,58.3,"62,318",43.5,23.8,"25,473",45.2,11.0,"11,762",48.4,0.3,285,48.1,0.0,52,51.1,0.0,47,53.3,4.0,"4,327",54.0,0.1,63,39.8,0.5,505,45.6,0.3,285,42.5,0.2,174,47.0,0.1,115,40.3,0.4,474,40.0,0.0,15
Jax,53.88,54.9,0.3,286,41.4,0.1,87,54.5,76.2,"64,543",40.4,2.8,"2,360",44.1,1.3,"1,113",47.6,0.2,170,53.3,0.1,107,26.1,0.0,23,57.3,6.6,"5,623",63.2,0.0,19,48.8,0.2,170,55.4,6.1,"5,154",44.1,2.2,"1,850",53.0,3.8,"3,201",30.0,0.0,30,47.1,0.0,17
Jayce,50.39,48.7,0.0,39,54.0,0.9,"1,435",51.4,4.8,"7,648",49.9,76.8,"121,095",48.5,0.4,680,52.2,14.4,"22,781",48.2,0.1,83,22.2,0.0,9,48.3,0.6,927,30.8,0.0,13,39.7,0.1,116,41.0,0.1,229,53.1,1.3,"2,045",46.6,0.1,219,56.7,0.3,423,45.5,0.0,22
Jhin,54.15,51.0,0.0,49,56.5,0.4,992,51.5,0.2,412,54.2,67.1,"159,545",48.0,0.1,179,54.6,0.1,269,54.1,31.2,"74,206",51.1,0.0,45,49.3,0.1,205,40.0,0.0,10,51.2,0.2,590,49.6,0.3,647,51.6,0.0,95,51.2,0.1,289,48.1,0.1,129,48.5,0.0,33
Jinx,55.19,45.7,0.0,46,52.2,0.3,747,49.4,0.2,451,47.4,9.2,"19,941",37.7,0.1,122,46.0,0.1,224,53.5,0.3,555,58.8,0.0,17,43.4,0.1,136,41.7,0.0,12,45.5,0.1,209,56.3,86.1,"186,374",52.1,0.0,48,51.2,3.5,"7,584",46.3,0.0,82,50.0,0.0,30
Kai'Sa,48.94,,,,47.0,1.3,"3,001",46.3,0.2,361,47.3,36.5,"81,753",46.1,0.1,165,52.8,1.1,"2,574",47.5,0.1,263,,,,46.3,0.1,175,33.3,0.0,15,47.5,1.2,"2,710",50.0,58.3,"130,464",47.8,0.0,67,48.4,0.9,"2,119",48.3,0.1,209,46.4,0.0,28
Kalista,54.16,46.7,0.0,15,38.8,0.1,67,51.1,0.2,184,42.5,2.7,"2,409",47.0,0.1,83,40.0,0.0,35,57.5,0.1,106,50.0,0.0,6,54.5,0.2,145,0.0,0.0,2,47.8,10.1,"8,937",55.5,83.0,"73,674",36.4,0.0,33,51.2,3.4,"3,013",48.4,0.0,31,41.7,0.0,12
Karma,50.48,48.4,0.1,126,51.3,29.8,"37,069",44.1,0.2,272,48.8,54.4,"67,720",40.5,0.2,190,51.3,0.4,478,38.5,0.0,39,61.9,0.0,42,42.3,1.7,"2,156",56.7,0.3,372,44.2,0.0,43,48.1,0.1,162,47.6,0.1,168,40.6,0.1,64,57.0,12.5,"15,497",58.7,0.1,63
Karthus,51,,,,51.9,1.6,"1,321",62.7,2.0,"1,569",50.8,85.2,"68,565",46.0,0.2,124,50.5,10.3,"8,310",50.0,0.0,20,,,,44.6,0.1,112,53.8,0.0,13,25.8,0.0,31,41.0,0.1,105,55.7,0.1,61,39.3,0.1,56,50.3,0.2,155,12.5,0.0,8
Kassadin,49.92,,,,46.2,0.7,385,51.9,28.9,"15,152",49.6,53.3,"27,972",47.0,13.6,"7,156",51.5,0.4,231,55.0,0.9,464,,,,54.0,1.0,511,58.8,0.0,17,34.6,0.0,26,36.4,0.2,99,49.5,0.5,277,28.6,0.1,42,50.7,0.3,138,33.3,0.0,9
Katarina,45.89,,,,36.7,0.1,79,47.8,56.5,"69,780",43.7,31.0,"38,302",41.2,9.8,"12,137",43.9,0.2,271,43.3,0.0,30,,,,50.3,0.7,885,40.0,0.0,10,42.2,0.0,45,49.0,1.4,"1,761",40.6,0.0,32,43.3,0.1,97,50.0,0.0,56,20.0,0.0,10
Kayle,55.62,,,,50.8,0.2,238,55.9,0.4,431,50.0,1.0,"1,012",47.9,0.1,94,55.5,0.2,164,54.7,0.7,728,,,,48.6,0.2,214,46.7,0.0,45,50.9,0.2,220,55.9,80.8,"79,808",51.1,0.1,90,55.4,14.0,"13,810",51.0,1.9,"1,841",42.9,0.0,21
Kayn,49.1,57.5,0.1,40,37.6,0.1,93,50.4,66.6,"46,736",46.4,31.1,"21,811",51.4,0.7,459,55.3,0.5,356,30.8,0.0,26,33.3,0.0,6,44.2,0.4,267,14.3,0.0,7,45.7,0.1,81,41.6,0.1,89,43.8,0.1,64,36.4,0.1,55,44.8,0.0,29,30.0,0.0,10
Kennen,51.75,43.7,0.1,71,52.0,6.2,"5,742",55.4,0.5,437,51.8,84.1,"77,543",53.8,4.5,"4,112",57.8,0.9,861,46.6,0.1,58,31.8,0.0,22,51.9,0.2,158,30.0,0.0,10,50.7,0.1,69,39.0,1.8,"1,629",55.6,1.1,"1,042",39.7,0.2,189,56.3,0.3,270,40.7,0.0,27
Kha'Zix,46.73,,,,53.1,0.9,847,53.2,1.8,"1,631",46.7,88.5,"80,192",44.0,6.9,"6,271",54.3,0.9,783,48.0,0.0,25,,,,42.3,0.3,234,50.0,0.0,10,40.0,0.1,105,39.8,0.1,103,50.9,0.2,218,30.4,0.1,56,55.8,0.1,120,47.4,0.0,19
Kindred,52.16,,,,42.1,0.1,38,50.3,10.2,"7,209",48.8,0.8,570,33.8,0.1,71,56.0,0.0,25,51.4,0.4,257,,,,37.9,0.3,182,20.0,0.0,5,49.0,0.3,204,52.9,64.3,"45,450",60.0,0.0,20,51.4,23.6,"16,659",25.7,0.0,35,42.9,0.0,7
Kled,53.17,42.9,0.1,21,25.0,0.1,12,52.3,72.9,"13,890",46.0,1.1,215,50.0,0.4,72,33.3,0.1,12,44.4,0.1,18,0.0,0.0,1,57.2,22.0,"4,199",66.7,0.0,3,45.0,0.9,171,54.0,1.1,215,20.0,0.1,10,48.9,1.0,188,60.0,0.1,10,37.5,0.0,8
Kog'Maw,55.03,,,,59.1,7.8,"9,976",55.7,0.2,219,56.2,29.4,"37,613",50.4,0.1,115,57.5,0.3,388,44.6,0.1,121,,,,50.7,0.2,201,60.0,0.0,10,53.3,0.1,184,54.1,59.1,"75,634",56.6,0.1,122,51.6,2.5,"3,203",51.9,0.1,158,47.4,0.0,19
K'Sante,49.42,51.6,19.8,"13,355",22.9,0.1,35,37.2,9.1,"6,105",32.4,0.2,145,24.4,0.1,41,22.2,0.0,9,42.1,0.0,19,50.0,0.0,12,50.6,70.3,"47,361",38.0,0.1,50,38.9,0.0,18,29.6,0.1,81,25.0,0.0,24,23.7,0.1,38,26.9,0.0,26,35.7,0.0,28
LeBlanc,44.24,28.2,0.0,39,46.2,0.4,520,44.5,0.2,263,44.1,52.2,"68,218",44.7,45.3,"59,146",43.0,0.3,414,36.7,0.4,569,36.4,0.0,11,39.3,0.4,527,50.0,0.0,12,31.7,0.1,120,30.9,0.3,375,46.5,0.1,71,35.1,0.1,171,40.3,0.1,129,29.4,0.0,17
Lee Sin,48,40.3,0.0,62,43.1,0.1,123,50.1,66.6,"110,246",43.5,20.1,"33,275",44.3,11.3,"18,768",45.5,0.1,198,41.5,0.0,53,52.9,0.0,17,48.3,0.4,662,40.4,0.2,394,41.5,0.0,82,33.6,0.1,235,42.9,0.1,126,35.1,0.1,111,45.3,0.7,"1,218",31.3,0.0,32
Leona,52.52,51.4,65.1,"38,157",40.4,0.2,89,44.7,0.5,302,36.7,0.6,332,41.6,0.2,113,40.9,0.0,22,41.7,0.0,24,52.5,0.4,217,55.8,31.9,"18,711",47.3,0.2,146,29.1,0.1,55,43.8,0.2,128,32.0,0.1,50,37.4,0.2,131,38.6,0.1,57,40.5,0.1,42
Lillia,50.21,42.4,0.0,33,48.8,1.2,811,50.8,37.0,"25,093",50.0,59.8,"40,628",55.5,0.2,146,41.4,0.1,70,43.2,0.1,44,60.0,0.0,10,44.5,0.2,110,54.5,0.0,11,50.0,0.0,20,42.2,0.1,83,49.8,1.0,671,46.5,0.1,43,45.5,0.1,99,23.1,0.0,13
Lissandra,51.85,53.2,1.1,"1,056",52.6,3.0,"2,893",51.0,0.3,251,51.9,82.6,"80,612",51.4,12.0,"11,659",59.2,0.2,152,38.5,0.0,39,54.5,0.1,145,48.9,0.2,225,53.8,0.0,13,44.7,0.0,47,33.6,0.1,107,48.6,0.1,105,43.1,0.1,65,47.8,0.2,161,69.2,0.0,26
Lucian,50.26,,,,42.5,0.7,"1,323",55.0,1.2,"2,431",48.3,2.9,"5,667",50.0,0.6,"1,095",51.3,9.1,"17,738",48.7,0.2,388,,,,42.3,0.2,319,33.3,0.0,6,37.3,0.1,134,51.9,2.4,"4,644",46.8,0.1,109,50.2,82.6,"161,472",43.8,0.1,130,39.3,0.0,28
Lulu,51,44.0,0.1,50,44.9,0.9,816,40.7,0.1,118,38.1,1.2,"1,061",42.0,0.4,338,48.7,0.0,39,33.3,0.1,60,51.2,0.0,41,42.9,0.3,280,48.4,0.9,779,40.9,0.0,44,37.0,3.5,"3,180",36.6,0.1,71,37.8,4.7,"4,254",52.7,87.5,"78,649",42.4,0.1,92
Lux,51.7,40.3,0.0,72,53.7,20.4,"33,415",47.8,0.2,289,51.2,77.3,"126,953",51.3,0.5,821,53.2,0.5,760,47.8,0.0,67,46.3,0.1,95,35.8,0.1,106,62.8,0.0,43,44.1,0.0,59,42.8,0.1,215,40.3,0.0,77,50.4,0.1,125,57.6,0.6,"1,066",45.2,0.0,31
Malphite,47.69,56.7,1.0,"1,299",48.4,2.7,"3,505",41.7,0.2,300,44.7,69.7,"90,243",46.1,2.5,"3,205",43.5,0.6,735,36.5,0.0,52,39.6,0.0,48,57.0,21.8,"28,253",57.5,0.1,153,41.1,0.1,185,39.7,0.2,239,49.3,0.7,892,45.1,0.1,142,41.9,0.1,93,35.1,0.0,37
Malzahar,53.19,50.0,0.0,50,53.7,24.9,"25,916",50.7,0.4,377,53.0,57.3,"59,567",53.9,0.2,191,50.9,0.3,287,41.2,0.0,34,59.3,0.0,27,48.1,0.1,108,61.1,0.0,18,51.3,0.0,39,48.9,0.1,133,46.0,0.2,163,44.8,0.1,67,53.5,16.4,"17,040",56.7,0.0,30
Maokai,53.03,54.7,29.3,"21,661",46.4,17.5,"12,915",42.9,0.3,231,46.1,3.0,"2,200",34.2,0.1,76,48.2,0.5,340,54.5,0.0,22,51.1,0.1,88,55.0,48.1,"35,571",54.5,0.1,101,40.0,0.0,35,47.2,0.1,89,55.3,0.6,445,48.6,0.1,37,48.5,0.1,99,43.6,0.1,39
Master Yi,50.29,,,,26.8,0.1,41,47.6,1.9,"1,298",42.9,1.7,"1,165",39.2,0.1,97,41.7,0.1,36,39.3,0.1,61,,,,40.5,1.0,679,34.8,0.0,23,50.7,50.9,"34,913",52.5,27.8,"19,095",37.0,0.1,54,47.3,16.2,"11,110",21.9,0.0,32,64.3,0.0,14
Milio,53.28,48.4,0.0,31,43.7,18.9,"14,806",32.0,0.1,75,44.3,6.3,"4,951",44.1,0.1,102,44.4,0.3,250,28.6,0.0,21,48.7,0.2,158,36.8,0.1,106,47.6,0.5,374,32.0,0.0,25,27.6,0.2,185,29.5,0.1,44,29.5,0.1,44,56.9,72.8,"56,904",52.9,0.1,68
Miss Fortune,50.5,,,,50.9,11.5,"20,080",53.3,0.4,674,49.6,59.5,"103,868",41.7,0.1,180,52.6,1.3,"2,252",50.9,0.4,666,,,,47.8,0.1,161,46.2,0.0,13,46.3,0.1,188,51.9,2.2,"3,905",49.1,0.0,57,52.2,24.3,"42,502",50.4,0.1,139,47.6,0.0,21
Mordekaiser,52.57,48.7,0.1,76,46.0,2.1,"1,784",53.0,93.8,"79,687",44.3,0.8,679,44.1,0.1,127,31.8,0.0,22,47.4,0.0,38,42.9,0.0,14,52.2,1.1,893,42.1,0.0,19,42.8,0.4,304,41.6,1.1,918,44.8,0.3,221,36.4,0.1,99,36.4,0.1,44,35.0,0.0,20
Morgana,53.79,55.8,0.1,120,55.9,24.6,"36,399",48.7,0.3,374,53.0,72.2,"106,847",49.8,0.2,259,54.2,0.3,476,39.1,0.0,46,59.9,0.9,"1,293",48.1,0.1,183,45.8,0.0,72,41.7,0.0,60,45.5,0.1,167,53.0,0.1,200,48.8,0.1,80,56.1,0.9,"1,406",58.5,0.0,65
Naafiri,48.52,,,,48.4,0.3,188,52.8,20.9,"11,451",47.8,14.9,"8,179",47.0,54.8,"29,988",49.1,7.8,"4,257",45.0,0.0,20,,,,45.1,0.2,113,100.0,0.0,3,51.4,0.6,348,46.2,0.1,78,37.8,0.1,45,55.9,0.1,34,60.0,0.0,20,50.0,0.0,4
Nami,54.75,42.5,0.0,40,51.6,1.5,"1,348",46.0,0.1,126,46.3,13.3,"11,848",48.3,0.8,704,40.6,0.4,360,54.8,0.0,31,52.7,0.2,188,46.8,0.1,94,52.9,0.3,291,35.0,0.0,40,37.0,0.2,208,53.4,0.1,58,39.2,0.1,74,56.4,82.6,"73,374",52.5,0.1,80
Nasus,53.3,,,,46.5,4.7,"2,262",55.0,4.4,"2,119",43.8,17.8,"8,614",39.0,0.1,41,50.5,0.4,200,57.0,28.8,"13,936",,,,55.9,40.1,"19,392",59.7,0.1,72,37.9,0.1,29,43.7,0.4,199,51.6,2.2,"1,052",50.8,0.1,61,43.0,0.7,316,50.0,0.2,76
Nautilus,53.5,53.9,57.5,"50,374",39.7,0.2,214,46.5,0.4,314,35.7,1.8,"1,576",35.9,0.6,521,34.6,0.0,26,37.0,0.0,27,44.8,7.9,"6,926",56.9,30.5,"26,748",55.4,0.3,242,38.7,0.1,75,41.8,0.2,146,47.2,0.2,144,33.3,0.1,54,47.8,0.1,67,41.2,0.1,114
Neeko,50.86,55.3,0.1,152,52.9,4.1,"4,630",44.1,0.2,220,50.9,82.5,"92,120",50.4,10.5,"11,755",52.0,0.2,196,36.8,0.0,38,58.6,0.2,273,51.3,0.2,238,38.9,0.0,18,38.6,0.1,57,44.6,1.2,"1,334",57.5,0.2,200,42.9,0.2,247,52.5,0.1,158,49.1,0.0,55
Nidalee,52.18,,,,52.3,7.6,"11,923",48.0,0.9,"1,397",52.3,88.4,"139,635",51.0,0.4,688,54.0,0.7,"1,064",44.3,0.0,70,,,,45.1,0.4,663,36.4,0.0,33,44.3,0.0,70,42.9,0.3,524,45.7,0.1,105,43.8,0.1,178,55.2,1.0,"1,510",42.4,0.0,33
Nilah,55.52,46.7,0.0,15,42.2,0.1,45,56.2,91.7,"45,741",47.3,0.6,283,45.8,0.1,48,61.9,0.0,21,36.7,0.1,60,0.0,0.0,3,36.9,0.2,103,40.0,0.0,5,51.4,0.2,109,48.7,2.5,"1,239",54.5,0.0,11,48.5,4.3,"2,142",32.0,0.1,25,71.4,0.0,7
Nocturne,46.31,52.6,0.1,19,52.3,0.2,65,52.8,11.1,"3,752",44.4,42.4,"14,386",41.6,2.4,803,49.3,0.4,138,50.0,0.1,28,50.0,0.0,2,54.1,0.9,320,57.1,0.0,7,45.9,29.3,"9,934",49.4,5.6,"1,904",43.5,0.1,46,46.9,7.3,"2,477",35.3,0.1,17,30.8,0.0,13
Nunu & Willump,46.44,54.2,4.1,"2,294",47.7,0.9,520,53.7,0.3,177,45.7,75.0,"41,913",46.9,0.6,335,45.9,0.4,196,37.5,0.0,24,51.0,0.2,96,53.9,3.3,"1,848",59.4,0.2,133,41.4,0.1,29,40.0,0.2,95,46.2,14.5,"8,090",42.1,0.1,38,42.3,0.1,52,43.1,0.1,51
Olaf,57.32,,,,35.0,0.2,60,58.0,93.1,"27,282",42.5,0.5,160,39.4,0.1,33,25.0,0.1,20,31.0,0.1,29,,,,54.0,0.9,261,22.2,0.0,9,33.9,0.2,62,53.8,1.5,429,40.7,0.2,59,49.8,3.0,888,60.0,0.0,10,37.5,0.0,8
Orianna,50.1,59.1,0.0,44,51.1,17.8,"26,164",46.0,0.3,463,49.0,62.6,"92,110",49.7,1.1,"1,553",47.2,0.3,394,42.3,0.0,52,54.5,0.0,22,44.8,0.1,125,34.6,0.0,26,46.8,0.0,47,42.4,0.2,264,53.0,3.5,"5,203",50.5,0.1,101,53.3,14.0,"20,586",39.1,0.0,23
Ornn,53,52.4,23.9,"18,281",46.5,0.2,155,40.2,0.3,244,40.6,0.5,392,34.7,0.1,72,55.6,0.0,27,46.4,0.0,28,52.1,0.2,117,53.5,73.7,"56,307",48.7,0.2,187,41.2,0.0,34,42.9,0.1,91,54.5,0.2,143,40.0,0.1,45,43.5,0.1,85,44.7,0.2,179
Pantheon,53.21,57.8,0.3,275,47.9,0.1,71,54.6,65.6,"61,644",49.7,18.3,"17,169",51.9,1.1,"1,025",55.1,0.2,156,58.8,0.0,34,45.5,0.0,33,55.1,0.9,874,70.6,0.0,17,47.8,0.2,161,47.8,0.1,115,55.6,0.1,108,51.0,13.0,"12,204",38.2,0.0,34,36.8,0.0,19
Poppy,52.45,50.8,22.8,"13,487",40.0,0.1,45,48.4,1.2,697,37.7,1.5,883,40.2,0.5,321,13.6,0.0,22,46.2,0.0,26,46.9,0.1,49,53.6,72.1,"42,725",43.7,0.1,71,42.6,0.4,265,35.9,0.1,78,50.0,0.7,442,43.5,0.1,46,48.0,0.0,25,45.8,0.1,72
Pyke,47.94,50.9,0.9,"1,396",47.9,0.1,140,41.6,0.3,418,46.8,52.7,"84,669",46.3,0.7,"1,089",51.8,0.1,114,56.4,0.1,234,52.4,0.7,"1,083",48.2,0.2,253,67.9,0.0,56,49.3,43.8,"70,329",42.4,0.1,224,56.8,0.2,322,41.5,0.1,118,40.2,0.1,92,44.1,0.1,93
Qiyana,48.3,50.0,0.0,22,37.0,0.1,92,55.0,2.3,"2,365",48.0,77.8,"78,400",47.8,17.5,"17,634",58.8,1.7,"1,758",48.1,0.0,27,75.0,0.0,8,48.3,0.1,120,0.0,0.0,2,45.0,0.1,60,43.2,0.1,111,50.0,0.1,72,49.0,0.0,49,33.3,0.0,24,46.7,0.0,15
Quinn,48.16,35.7,0.1,42,38.3,0.1,60,43.7,0.4,183,46.9,5.2,"2,476",48.0,7.8,"3,735",48.5,0.2,99,49.7,14.4,"6,899",36.0,0.1,25,47.9,0.2,117,28.6,0.0,7,47.5,0.9,442,49.4,7.7,"3,659",49.1,0.1,55,47.9,62.7,"29,993",20.0,0.1,25,50.0,0.0,4
Rakan,50.73,49.9,28.7,"18,391",53.9,0.4,284,44.3,0.3,183,54.8,6.6,"4,217",54.5,2.1,"1,354",45.9,0.1,61,45.0,0.0,20,55.3,1.3,816,49.5,3.6,"2,315",50.3,53.0,"34,022",37.5,0.0,32,41.9,0.1,93,54.0,1.9,"1,191",40.0,0.1,40,56.7,1.2,783,50.6,0.6,354
Rammus,49.7,50.9,82.7,"24,281",38.3,0.2,47,44.9,0.5,136,28.8,1.5,444,31.7,0.3,82,38.5,0.1,26,15.4,0.0,13,32.1,0.1,28,47.1,13.6,"3,989",50.0,0.0,14,20.0,0.1,30,35.0,0.3,80,28.4,0.5,134,29.2,0.1,24,47.6,0.1,21,45.8,0.1,24
Rek'Sai,55.05,52.6,1.3,403,40.5,1.3,400,53.4,27.7,"8,543",35.8,2.6,813,39.5,0.1,43,54.3,0.1,46,40.0,0.0,10,42.9,0.0,14,58.4,56.5,"17,383",14.3,0.0,7,48.6,9.6,"2,954",44.2,0.1,43,47.6,0.1,21,44.3,0.2,70,51.5,0.1,33,0.0,0.0,5
Rell,51.57,51.5,76.6,"44,799",29.3,0.1,75,42.3,0.2,137,38.6,1.2,713,35.4,0.4,223,44.3,0.1,61,42.9,0.0,14,47.8,1.4,836,54.0,18.9,"11,031",48.8,0.2,129,36.4,0.0,22,37.3,0.1,59,43.9,0.4,205,61.1,0.0,18,40.6,0.1,32,44.4,0.2,124
Renata Glasc,52.25,43.6,0.2,172,53.3,1.0,745,48.1,0.1,106,47.5,14.1,"10,563",50.5,0.1,101,27.5,0.1,40,68.2,0.1,66,52.2,1.1,858,47.8,1.3,952,56.0,3.0,"2,235",48.2,0.1,83,39.2,0.7,515,45.5,0.2,134,50.6,0.1,83,53.2,77.5,"58,260",57.0,0.3,256
Renekton,51.98,50.6,0.1,81,47.2,0.1,36,52.3,91.5,"53,485",46.4,0.6,358,42.5,0.2,134,34.5,0.0,29,48.1,0.0,27,14.3,0.0,7,52.9,0.8,473,33.3,0.0,15,41.2,0.1,51,50.0,0.1,84,48.6,0.1,35,49.1,6.2,"3,601",33.3,0.0,18,30.0,0.0,10
Rengar,45.72,36.4,0.0,33,45.2,0.1,42,47.2,32.2,"23,108",43.9,40.6,"29,194",45.2,19.2,"13,813",51.4,0.7,531,57.2,0.7,491,33.3,0.0,6,51.4,5.1,"3,653",44.4,0.0,9,46.7,0.7,467,34.7,0.2,121,41.5,0.3,246,37.9,0.1,95,39.1,0.0,23,27.3,0.0,11
Riven,53.42,44.0,0.2,109,31.8,0.1,44,54.0,90.8,"65,638",48.0,7.1,"5,149",50.6,0.8,563,41.8,0.1,55,45.5,0.1,44,54.5,0.0,11,52.7,0.4,311,33.3,0.0,9,50.5,0.1,103,39.8,0.2,113,58.5,0.1,41,45.8,0.1,72,50.0,0.0,34,25.0,0.0,8
Rumble,51.44,,,,52.5,14.0,"12,903",54.5,2.0,"1,878",51.2,81.8,"75,595",47.7,0.2,216,53.0,1.0,888,50.0,0.0,26,,,,51.6,0.2,213,53.8,0.0,13,41.9,0.0,31,50.5,0.1,107,50.7,0.4,361,46.4,0.1,56,51.5,0.1,136,65.4,0.0,26
Ryze,52.59,49.1,0.1,53,49.2,0.6,506,53.4,33.5,"30,525",49.1,2.4,"2,179",51.0,0.6,563,49.4,0.1,83,47.2,0.0,36,48.7,0.0,39,43.7,0.1,126,20.0,0.0,5,37.0,0.0,27,40.4,0.2,146,52.4,62.1,"56,508",46.2,0.1,52,44.6,0.1,112,50.0,0.0,26
Samira,55.81,32.1,0.0,28,29.5,0.0,78,56.5,91.4,"147,276",48.8,7.8,"12,557",43.4,0.1,159,56.7,0.0,60,44.3,0.0,79,25.0,0.0,12,43.8,0.1,112,33.3,0.0,12,38.9,0.1,95,47.5,0.2,318,36.5,0.0,52,37.0,0.2,265,35.9,0.0,39,22.7,0.0,22
Sejuani,49.37,48.2,47.1,"17,807",35.1,0.4,168,45.1,0.4,153,34.3,2.2,836,37.0,0.5,181,37.5,0.1,40,27.3,0.1,22,27.9,0.2,68,51.8,48.1,"18,167",47.7,0.1,44,48.1,0.1,27,32.8,0.2,64,42.5,0.3,127,33.3,0.1,24,39.3,0.1,28,42.9,0.1,21
Senna,55.61,34.2,0.0,38,54.3,0.1,221,52.4,0.3,553,52.4,22.5,"39,689",50.0,0.1,128,52.6,0.2,274,56.6,50.8,"89,645",59.4,0.0,69,58.6,2.6,"4,548",56.7,0.0,60,50.5,0.1,182,57.3,11.4,"20,098",40.4,0.0,57,53.6,9.7,"17,022",65.1,2.1,"3,694",57.8,0.0,45
Seraphine,50.21,49.0,0.0,51,51.4,24.2,"25,394",56.3,0.7,766,48.2,48.8,"51,279",50.9,0.5,556,49.8,0.2,261,56.1,0.0,41,56.6,0.3,327,54.6,0.1,108,60.6,0.2,259,31.4,0.0,35,40.7,0.1,135,47.6,0.1,103,56.6,0.1,53,52.7,24.4,"25,664",50.0,0.0,46
Sett,53.22,53.4,0.9,"1,048",35.8,0.1,67,52.5,71.9,"87,556",46.9,0.7,899,45.9,0.1,133,36.4,0.0,55,57.4,0.1,101,53.7,0.1,95,56.1,24.6,"30,013",57.7,0.0,26,48.0,0.8,914,48.3,0.2,292,42.0,0.3,314,47.5,0.2,259,50.0,0.0,28,33.3,0.0,24
Shaco,46.08,57.6,0.0,33,50.3,14.8,"16,734",45.0,0.2,222,46.5,72.1,"81,605",44.1,0.4,422,48.8,0.2,281,34.1,0.0,41,58.3,0.1,96,45.6,0.5,524,66.7,0.0,12,38.2,11.3,"12,754",34.6,0.2,182,41.7,0.1,60,26.4,0.1,87,53.2,0.1,109,42.4,0.0,33
Shen,53.87,50.5,14.1,"9,500",33.3,0.1,45,42.1,0.5,318,40.7,0.3,194,39.4,0.1,66,15.4,0.0,13,51.4,0.1,37,47.9,0.1,48,54.8,83.6,"56,220",42.9,0.2,154,39.6,0.3,235,40.8,0.3,184,33.3,0.1,72,33.3,0.1,78,35.0,0.1,80,33.3,0.0,15
Shyvana,53.5,64.3,0.1,42,50.6,5.9,"1,932",57.1,14.2,"4,613",52.9,70.3,"22,905",36.4,0.2,55,53.0,0.4,134,56.2,0.4,146,50.0,0.0,6,53.6,3.7,"1,195",60.0,0.0,10,52.4,0.3,82,52.4,1.5,481,54.8,0.4,126,57.6,2.5,827,54.2,0.1,24,66.7,0.0,6
Singed,51.11,50.7,17.2,"9,957",49.8,0.4,243,51.2,71.9,"41,522",52.7,2.1,"1,221",38.2,0.1,68,43.8,0.1,32,44.4,0.1,63,52.0,0.4,248,48.8,0.8,459,45.5,0.1,66,48.5,0.1,33,42.0,0.1,69,52.0,5.5,"3,188",34.7,0.1,49,50.4,0.6,347,49.1,0.3,161
Sion,54.51,51.4,8.9,"7,280",45.9,0.3,266,44.0,0.3,266,37.9,3.2,"2,575",40.3,0.3,211,51.9,0.1,54,43.9,0.1,41,44.2,0.1,77,56.4,82.5,"67,299",42.6,0.1,68,39.5,0.4,286,49.1,0.1,114,39.7,3.6,"2,899",41.3,0.1,63,30.7,0.1,75,55.6,0.0,18
Sivir,55.96,,,,47.3,0.1,167,56.5,0.3,474,49.0,6.9,"9,708",39.2,0.1,97,55.2,0.4,529,51.9,0.5,694,,,,49.4,0.1,154,50.0,0.0,14,49.0,0.1,155,56.8,85.3,"120,702",48.7,0.0,39,53.0,6.0,"8,512",48.4,0.2,215,30.0,0.0,20
Skarner,49.29,47.3,25.7,"10,913",42.5,0.7,301,36.8,0.5,209,30.2,0.4,189,35.1,0.1,37,40.0,0.0,20,38.9,0.0,18,28.8,0.1,59,51.2,67.1,"28,436",58.2,0.1,55,31.5,0.1,54,35.1,0.1,57,38.2,4.6,"1,936",38.5,0.1,26,40.0,0.1,30,51.2,0.1,43
Smolder,51.67,,,,57.1,2.9,"5,869",56.3,1.5,"3,066",50.2,52.4,"104,360",47.6,0.1,143,59.3,0.5,"1,057",55.9,20.6,"41,132",,,,53.2,1.7,"3,447",27.3,0.0,11,46.9,0.0,81,51.3,0.5,"1,090",62.5,0.1,168,49.7,19.4,"38,657",48.4,0.1,161,55.6,0.0,36
Sona,55.95,50.0,0.1,38,48.4,1.6,"1,081",48.7,0.2,117,46.1,18.1,"12,188",44.7,0.3,188,49.0,0.1,98,46.3,0.1,41,51.5,0.0,33,48.3,0.4,236,53.1,0.5,305,25.0,0.0,16,42.9,0.2,147,44.6,0.1,74,40.0,0.1,50,58.6,78.2,"52,710",56.7,0.1,67
Soraka,53.8,34.8,0.1,66,49.4,1.5,"1,167",43.4,0.2,145,45.9,6.1,"4,857",43.9,0.1,82,53.4,0.1,58,45.7,0.1,70,67.4,0.1,46,46.1,1.1,877,54.9,2.1,"1,671",29.2,0.0,24,32.8,0.6,454,44.2,0.1,120,33.6,0.1,110,54.7,87.7,"70,334",43.9,0.1,82
Swain,51.56,50.6,0.2,180,53.2,0.6,663,51.8,86.3,"101,333",49.5,8.6,"10,085",51.5,0.5,614,58.2,0.0,55,47.8,0.0,46,52.4,0.1,143,48.0,2.6,"3,111",50.0,0.0,46,53.8,0.0,26,41.6,0.1,154,55.7,0.5,585,43.6,0.1,94,54.9,0.2,288,52.4,0.0,21
Sylas,48.59,52.7,0.1,222,42.4,0.1,243,49.3,78.5,"141,726",44.9,17.3,"31,224",46.4,1.2,"2,199",49.5,0.1,198,52.4,0.0,82,30.0,0.0,20,56.6,2.1,"3,784",38.5,0.0,13,32.7,0.1,208,41.5,0.1,188,40.6,0.1,180,40.2,0.1,102,39.2,0.0,51,52.4,0.0,42
Syndra,51.74,57.9,0.0,38,52.4,12.0,"15,158",52.2,0.2,301,51.3,80.5,"101,795",53.8,3.0,"3,852",59.5,2.3,"2,920",44.2,0.0,43,65.1,0.1,83,56.7,0.1,90,58.3,0.0,12,41.2,0.0,51,45.7,0.1,164,55.2,1.1,"1,334",42.6,0.1,68,52.1,0.4,497,53.3,0.0,30
Tahm Kench,52.93,46.2,7.5,"5,673",34.1,0.4,299,40.0,0.3,250,30.2,1.1,812,29.3,0.1,58,38.3,0.1,60,38.5,0.0,26,41.9,0.0,31,54.1,89.0,"67,264",48.8,0.4,338,41.2,0.3,245,37.3,0.3,236,38.1,0.2,160,26.7,0.1,45,54.3,0.0,35,54.3,0.0,35
Taliyah,49.94,58.1,0.0,31,51.3,2.9,"3,254",51.1,0.5,579,50.0,81.8,"92,764",48.4,11.3,"12,762",52.0,0.5,531,57.6,0.0,33,55.3,0.1,85,45.7,0.1,81,42.9,0.0,14,43.5,0.0,46,37.9,0.1,145,52.7,2.3,"2,580",35.9,0.1,64,51.9,0.3,347,50.0,0.0,28
Talon,49.78,,,,29.5,0.1,44,52.9,24.5,"13,724",49.0,48.1,"26,951",48.1,25.0,"13,980",59.2,0.7,375,61.0,0.1,59,,,,44.2,0.2,138,0.0,0.0,3,43.8,0.1,48,35.2,0.2,88,49.1,0.9,529,47.9,0.1,48,36.8,0.0,19,75.0,0.0,4
Taric,52.88,56.1,3.6,911,38.2,0.1,34,41.5,0.7,176,41.9,0.3,86,55.0,0.1,20,40.0,0.0,5,50.0,0.0,10,52.8,18.2,"4,604",53.7,50.7,"12,832",52.1,23.3,"5,889",31.3,0.1,32,45.3,1.4,360,41.7,0.4,103,39.3,0.2,61,53.0,0.7,166,55.6,0.1,36
Teemo,45.73,,,,45.3,2.4,"2,293",37.6,0.2,186,46.1,90.4,"85,440",44.0,0.2,232,41.6,0.2,202,41.2,0.1,102,,,,39.5,0.5,430,31.3,0.0,16,48.2,0.2,170,37.4,1.2,"1,157",32.9,0.1,85,41.6,3.9,"3,644",45.5,0.5,490,26.7,0.0,15
Thresh,52.77,54.4,50.1,"81,441",39.2,0.1,217,46.0,0.2,402,37.1,1.8,"2,874",39.0,0.2,246,40.6,0.1,101,34.9,0.2,298,49.3,16.1,"26,168",53.4,28.5,"46,264",58.6,1.1,"1,854",31.0,0.2,378,41.7,0.7,"1,149",51.4,0.1,185,39.1,0.2,320,50.6,0.1,176,51.7,0.2,391
Tristana,51.05,27.3,0.0,33,49.5,0.1,91,41.8,0.2,275,36.1,0.6,701,42.5,0.1,106,56.1,0.0,41,50.6,0.2,239,10.0,0.0,10,45.0,0.1,169,28.6,0.0,7,47.8,8.4,"10,314",51.7,77.7,"94,816",45.2,0.0,42,50.1,12.4,"15,182",38.7,0.1,62,37.5,0.0,16
Trundle,51.27,49.5,0.3,103,39.5,0.3,114,50.4,4.0,"1,573",29.8,1.9,748,30.6,0.1,49,38.0,0.1,50,42.1,0.2,76,48.6,30.2,"11,856",55.1,39.8,"15,630",55.7,0.3,115,46.4,0.2,69,50.1,8.2,"3,208",47.8,0.5,186,50.8,13.4,"5,282",44.3,0.4,167,65.4,0.1,52
Tryndamere,51.38,,,,36.7,0.1,30,53.4,2.5,964,42.2,1.5,573,48.3,0.4,149,33.3,0.1,27,56.1,0.6,239,,,,51.6,41.8,"16,384",44.8,0.1,29,52.8,6.6,"2,569",53.3,23.4,"9,173",37.6,0.2,93,49.3,22.8,"8,923",20.8,0.1,24,8.3,0.0,12
Twisted Fate,51.14,52.0,0.1,75,53.6,22.6,"27,103",42.9,0.2,247,52.2,56.2,"67,537",54.5,1.2,"1,399",56.2,1.3,"1,567",46.6,0.9,"1,038",48.2,0.5,624,46.1,0.2,267,41.7,0.0,12,41.6,0.1,113,43.1,8.4,"10,099",47.0,0.4,434,44.7,7.5,"8,998",54.3,0.2,210,52.5,0.4,446
Twitch,52.8,,,,41.7,0.2,357,47.3,0.2,338,44.0,2.0,"3,037",43.1,0.1,130,48.7,0.3,468,36.8,0.1,117,,,,42.4,0.1,198,11.1,0.0,9,47.6,14.2,"21,300",54.2,72.7,"109,148",47.2,0.1,106,52.6,9.8,"14,696",46.2,0.1,130,60.0,0.0,15
Udyr,49.42,52.2,0.6,245,50.7,2.5,979,48.9,18.8,"7,233",50.2,27.7,"10,670",47.5,0.6,238,49.5,4.9,"1,878",46.2,0.1,26,40.0,0.1,30,51.8,33.6,"12,934",52.2,0.1,23,36.3,7.1,"2,731",40.6,0.4,143,52.8,2.7,"1,040",36.7,0.6,245,57.1,0.1,56,25.0,0.0,4
Urgot,49.23,44.0,0.4,134,33.3,0.5,174,49.3,73.9,"27,295",38.5,2.2,806,36.6,0.2,71,54.2,0.1,24,44.6,0.2,65,57.1,0.0,7,46.0,3.3,"1,214",50.0,0.0,10,44.7,0.1,47,46.1,0.3,102,45.5,0.3,123,51.7,18.4,"6,799",50.0,0.1,28,35.3,0.0,17
Varus,52.31,56.7,0.0,30,53.1,3.3,"6,337",45.6,0.2,307,50.9,69.1,"133,326",41.0,0.1,210,51.0,0.5,914,54.3,0.1,184,50.0,0.0,12,43.1,0.1,167,62.5,0.0,8,49.2,2.0,"3,811",57.7,17.9,"34,532",44.9,0.0,89,53.4,6.7,"12,921",45.6,0.1,103,55.2,0.0,29
Vayne,54.34,59.5,0.0,37,34.4,0.0,64,47.6,0.2,347,43.1,1.2,"1,801",38.5,0.1,96,48.5,0.1,97,51.7,1.2,"1,863",41.7,0.0,12,50.9,0.6,884,25.0,0.0,12,43.4,0.3,482,54.9,79.3,"122,639",50.8,0.0,65,53.4,16.9,"26,123",33.9,0.0,59,31.8,0.0,22
Veigar,48.66,55.6,0.1,142,51.1,20.9,"25,926",48.2,0.3,311,47.9,74.7,"92,814",49.4,0.5,622,54.7,0.8,"1,014",44.3,0.1,97,53.8,0.6,712,49.5,0.6,796,59.2,0.1,71,39.7,0.1,68,37.2,0.2,191,50.4,0.4,546,40.2,0.1,102,51.9,0.5,672,42.7,0.1,110
Vel'Koz,52.05,50.0,0.0,38,53.9,23.9,"24,881",46.0,0.2,215,51.5,74.2,"77,312",51.4,0.4,395,52.7,0.5,543,60.0,0.0,45,44.1,0.0,34,46.8,0.1,94,70.0,0.0,10,48.8,0.0,43,41.6,0.2,173,59.6,0.1,99,50.0,0.1,60,56.1,0.2,196,50.0,0.0,18
Vex,51.13,55.0,0.1,80,53.8,2.2,"1,719",49.1,0.3,218,50.9,81.8,"63,634",52.1,14.1,"10,956",55.1,0.3,205,52.9,0.0,17,58.5,0.1,41,48.3,0.2,149,50.0,0.0,16,54.5,0.0,33,48.7,0.2,156,53.1,0.4,290,60.5,0.1,86,39.7,0.2,146,40.0,0.0,15
Vi,45.17,49.3,0.8,497,54.1,0.1,37,45.1,28.6,"17,729",36.2,3.8,"2,343",36.6,1.7,"1,060",31.4,0.1,70,50.0,0.0,26,16.7,0.0,12,52.6,10.0,"6,190",53.3,0.0,15,44.7,54.1,"33,475",44.2,0.3,197,38.2,0.1,68,41.7,0.3,156,34.8,0.0,23,40.0,0.0,10
Viego,50.76,55.1,0.0,49,38.2,0.0,55,51.1,85.7,"127,937",46.9,10.0,"14,928",46.2,0.2,253,55.7,0.1,79,64.0,0.1,75,45.5,0.0,11,54.2,0.3,461,41.7,0.0,12,55.3,2.3,"3,422",46.7,0.3,407,36.7,0.0,60,50.1,1.0,"1,550",25.0,0.0,32,25.0,0.0,24
Viktor,52.45,48.3,0.0,29,52.8,18.0,"24,685",51.6,0.4,554,51.9,63.0,"86,278",53.2,0.4,547,54.2,12.4,"17,039",59.0,0.2,249,36.4,0.0,22,52.1,0.5,656,55.6,0.0,9,47.6,0.0,42,47.1,0.1,191,53.0,2.2,"3,023",56.3,0.0,64,54.7,2.6,"3,607",48.3,0.0,29
Vladimir,53.1,,,,43.5,0.2,193,57.5,8.7,"7,748",52.5,44.1,"39,371",54.1,0.9,830,51.9,0.1,77,50.0,0.0,34,,,,44.4,1.0,898,53.3,0.0,15,31.4,0.0,35,39.6,0.1,111,53.2,43.9,"39,121",41.5,0.1,53,48.5,0.8,709,33.3,0.0,12
Volibear,48.18,48.9,1.0,374,38.6,1.4,544,44.9,23.4,"9,036",38.5,2.2,850,36.6,0.2,93,40.0,0.2,80,33.3,0.1,24,30.0,0.0,10,52.0,53.9,"20,814",58.6,0.1,29,30.1,0.2,83,45.3,6.7,"2,572",32.4,0.3,108,42.3,10.2,"3,936",44.8,0.1,29,54.5,0.0,11
Warwick,48.63,49.5,0.4,101,50.0,0.2,52,48.2,28.3,"6,546",39.4,3.9,895,40.8,0.4,103,32.3,0.1,31,41.4,0.3,58,60.0,0.1,15,49.3,35.7,"8,264",60.0,0.0,10,36.8,0.4,87,51.8,18.2,"4,205",40.2,0.5,107,47.2,11.4,"2,634",40.9,0.1,22,36.4,0.0,11
Wukong,53.06,53.4,0.1,58,45.9,0.1,61,53.8,88.2,"66,020",46.5,8.2,"6,147",47.0,1.2,898,50.0,0.1,50,51.9,0.1,54,15.4,0.0,13,54.3,1.5,"1,125",55.6,0.0,9,41.5,0.1,94,50.8,0.2,132,48.8,0.1,86,35.8,0.1,109,50.0,0.0,16,33.3,0.0,18
Xayah,54.6,46.4,0.0,28,45.6,0.1,160,56.8,2.7,"3,830",51.2,1.2,"1,653",38.8,0.1,103,56.5,0.1,92,50.6,3.4,"4,861",50.0,0.0,8,31.0,0.1,87,30.8,0.0,13,55.6,0.2,356,54.9,86.5,"123,573",46.4,0.0,28,52.6,5.5,"7,859",50.7,0.2,270,60.0,0.0,10
Xerath,52.59,50.8,0.0,61,53.9,22.8,"36,474",52.0,0.2,294,52.2,75.2,"120,289",51.9,0.1,231,54.6,1.0,"1,630",43.4,0.0,53,72.7,0.0,22,40.4,0.1,104,42.9,0.0,14,50.0,0.0,60,45.2,0.1,210,49.4,0.0,79,51.6,0.1,95,54.6,0.1,229,44.7,0.0,38
Xin Zhao,52.54,48.3,0.1,60,46.6,0.1,73,53.7,80.7,"56,958",42.1,1.0,700,42.1,0.6,394,44.4,0.1,36,52.6,0.1,57,16.7,0.0,6,53.0,1.4,965,33.3,0.0,12,47.6,13.6,"9,568",48.3,2.0,"1,421",44.6,0.1,92,48.8,0.3,205,33.3,0.0,21,55.6,0.0,18
Yasuo,55.34,49.2,0.0,61,40.0,0.1,95,54.7,56.3,"93,653",48.0,0.5,771,46.3,0.1,175,34.1,0.0,44,55.9,10.7,"17,809",26.1,0.0,23,57.8,2.8,"4,704",57.1,0.0,14,45.7,0.1,208,56.4,29.0,"48,183",51.3,0.0,76,55.5,0.2,384,26.4,0.0,53,31.8,0.0,22
Yone,51.29,40.0,0.0,65,36.8,0.0,76,51.2,17.5,"28,638",41.7,0.4,666,46.2,0.1,238,40.0,0.0,40,55.2,1.8,"2,872",31.6,0.0,19,54.3,1.0,"1,575",40.0,0.0,10,43.8,0.1,192,51.5,76.1,"124,648",39.6,0.0,48,47.2,2.9,"4,678",34.9,0.0,43,32.0,0.0,25
Yorick,53.28,,,,47.4,5.7,"1,197",51.0,29.5,"6,201",41.1,14.9,"3,128",37.5,0.2,48,46.5,0.4,86,34.4,0.2,32,,,,59.2,48.4,"10,159",75.0,0.0,8,73.3,0.1,15,50.0,0.2,38,50.0,0.1,22,40.9,0.1,22,64.1,0.2,39,50.0,0.0,8
Yuumi,47.43,,,,45.8,19.8,"15,479",30.1,0.2,136,40.5,14.3,"11,201",34.3,0.1,67,46.3,0.3,257,42.3,0.0,26,,,,23.2,0.1,82,46.1,0.3,217,20.0,0.0,30,31.0,0.3,203,30.3,0.0,33,35.2,0.1,71,49.7,64.4,"50,283",42.6,0.1,47
Yunara,45.76,,,,40.8,0.4,512,44.7,0.4,580,38.0,1.1,"1,485",37.8,0.1,74,33.1,0.1,130,44.8,0.1,192,,,,42.6,0.1,122,50.0,0.0,2,40.1,3.8,"5,335",46.1,93.4,"131,940",33.3,0.0,33,47.5,0.5,751,29.2,0.0,48,28.6,0.0,14
Zac,48.65,49.5,49.7,"33,147",38.4,0.1,86,48.7,26.3,"17,552",35.4,2.9,"1,910",35.8,0.5,358,31.1,0.1,74,26.9,0.0,26,45.2,0.0,31,49.2,19.7,"13,139",41.3,0.1,46,26.9,0.0,26,42.5,0.1,87,42.1,0.2,114,31.6,0.1,38,38.1,0.0,21,31.3,0.0,16
Zed,49.65,,,,51.6,0.1,256,53.4,20.1,"40,414",48.8,41.4,"83,175",48.4,37.1,"74,602",57.8,0.8,"1,696",41.9,0.0,74,,,,52.1,0.1,240,37.5,0.0,16,49.4,0.1,168,45.6,0.1,226,46.9,0.0,64,42.3,0.1,123,34.5,0.0,55,41.2,0.0,34
Zeri,52.74,,,,37.0,0.3,289,56.2,0.5,534,41.3,4.4,"4,863",43.8,0.2,249,47.0,0.9,"1,034",46.8,0.4,449,,,,45.7,0.2,184,58.3,0.0,12,44.1,0.1,68,53.8,86.5,"96,019",52.8,0.0,53,48.5,6.5,"7,210",43.2,0.0,37,38.9,0.0,18
Ziggs,50.43,41.7,0.0,36,51.9,32.0,"38,231",48.6,0.2,245,49.7,66.2,"79,140",49.3,0.2,209,54.1,0.6,669,45.5,0.0,44,44.1,0.0,34,51.5,0.1,97,63.6,0.0,11,39.6,0.0,53,42.3,0.2,196,38.5,0.1,78,39.0,0.1,82,51.8,0.3,338,62.9,0.0,35
Zilean,48.52,46.7,0.1,45,50.1,26.2,"22,461",46.9,0.2,130,47.4,61.8,"52,927",49.7,0.2,173,53.0,0.2,183,48.9,0.1,47,50.9,0.9,747,41.5,0.6,513,54.7,0.2,212,56.4,0.0,39,42.0,0.2,188,46.9,0.4,343,21.9,0.1,64,52.3,8.5,"7,313",43.6,0.3,259
Zoe,51.31,45.7,0.0,35,48.4,5.6,"7,368",49.0,0.2,200,51.4,89.6,"119,005",52.9,3.1,"4,057",53.4,0.4,590,46.0,0.0,63,55.7,0.1,70,54.9,0.1,162,38.5,0.0,13,49.0,0.0,49,38.4,0.1,177,57.5,0.1,113,43.1,0.1,72,54.2,0.5,710,58.1,0.0,62
Zyra,53.19,42.9,0.0,28,55.0,26.9,"24,231",51.5,0.6,520,52.5,69.7,"62,848",54.7,1.0,887,58.5,0.5,494,40.7,0.0,27,51.0,0.2,145,61.4,0.1,101,46.7,0.0,15,35.9,0.0,39,46.0,0.2,139,51.4,0.1,74,38.0,0.1,50,56.0,0.6,498,42.9,0.0,21
Ambessa,49.82,44.4,0.0,27,31.7,0.1,41,49.9,93.7,"74,452",47.7,1.3,"1,071",53.0,1.6,"1,263",63.2,0.1,87,42.3,0.0,26,66.7,0.0,6,48.0,2.8,"2,232",75.0,0.0,4,47.6,0.1,42,38.9,0.1,90,48.5,0.0,33,29.6,0.1,81,31.6,0.0,19,35.7,0.0,14
Aurora,52.91,52.6,0.0,19,56.2,0.8,937,54.2,0.5,622,51.6,47.6,"58,646",54.1,49.9,"61,459",60.2,0.4,487,55.6,0.0,54,33.3,0.0,15,48.3,0.1,180,66.7,0.0,6,50.0,0.0,48,42.6,0.2,202,51.2,0.2,242,47.2,0.1,72,56.6,0.1,122,27.8,0.0,18
Mel,50.19,32.6,0.0,43,51.8,29.4,"47,113",50.9,0.3,552,49.4,62.9,"100,876",47.0,0.2,338,51.2,6.5,"10,405",28.9,0.0,45,54.8,0.0,42,59.3,0.1,108,46.7,0.0,15,42.1,0.0,38,40.3,0.1,159,53.3,0.1,182,31.9,0.0,72,48.8,0.3,416,57.6,0.0,33
