champion,winrate,slot1_item1_id,slot1_item1_winrate,slot1_item1_pickrate,slot1_item2_id,slot1_item2_winrate,slot1_item2_pickrate,slot1_item3_id,slot1_item3_winrate,slot1_item3_pickrate,slot1_item4_id,slot1_item4_winrate,slot1_item4_pickrate,slot1_item5_id,slot1_item5_winrate,slot1_item5_pickrate,slot2_item1_id,slot2_item1_winrate,slot2_item1_pickrate,slot2_item2_id,slot2_item2_winrate,slot2_item2_pickrate,slot2_item3_id,slot2_item3_winrate,slot2_item3_pickrate,slot2_item4_id,slot2_item4_winrate,slot2_item4_pickrate,slot2_item5_id,slot2_item5_winrate,slot2_item5_pickrate,slot3_item1_id,slot3_item1_winrate,slot3_item1_pickrate,slot3_item2_id,slot3_item2_winrate,slot3_item2_pickrate,slot3_item3_id,slot3_item3_winrate,slot3_item3_pickrate,slot3_item4_id,slot3_item4_winrate,slot3_item4_pickrate,slot3_item5_id,slot3_item5_winrate,slot3_item5_pickrate
aatrox,53.04,6610,54.06,41.95,6692,50.3,29.01,126697,55.09,17.69,3161,53.78,5.57,3084,53.75,1.81,6610,53.17,33.89,3161,53.51,17.59,6692,52.74,16.24,6333,53.69,7.26,6699,52.5,5.07,6333,54.51,24.99,3065,53.24,10.01,3053,52.86,9.97,3161,54.48,9.22,6610,53.01,5.55
ahri,50.68,3118,50.25,43.29,6655,50.69,41.08,6657,51.47,8.7,2503,54.25,4.13,6653,52.15,0.77,4645,49.24,33.83,4646,50.44,27.87,6653,50.85,14.04,3118,48.99,3.96,3089,56.99,3.53,4645,49.9,24.38,3089,52.5,21.36,4646,48.99,9.33,3157,49.13,7.58,6653,48.97,4.41
akali,41.37,4646,40.07,31.07,3152,39.69,28.98,3084,43.89,24.1,4633,43.18,5.56,6653,45.9,3.91,4645,40.47,39.41,4633,44.0,20.33,4646,40.31,12.42,3100,40.68,5.63,6653,44.14,4.44,3157,41.06,23.82,4645,41.63,12.58,3089,43.9,12.24,2502,45.72,6.73,4633,43.97,5.0
akshan,48.89,3087,50.69,39.1,6676,47.01,36.3,6672,48.06,14.59,3153,54.82,3.2,3032,46.29,2.67,6676,49.9,41.08,3031,47.52,21.34,3153,50.41,11.45,6672,48.76,9.83,3087,49.71,3.37,3031,50.3,36.22,3036,48.82,13.69,3153,49.91,8.2,6672,50.43,4.92,3033,47.48,4.69
alistar,50.93,3084,51.0,51.02,3119,54.17,18.74,2502,52.24,11.33,6655,37.3,2.37,3083,53.88,1.97,3119,52.5,34.21,2502,52.45,19.14,3083,52.56,10.46,3075,50.62,5.88,4646,37.51,2.33,2502,53.81,17.48,3075,49.95,10.83,3083,54.68,9.75,3119,53.09,6.55,3065,55.99,4.44
ambessa,49.78,6692,48.71,69.17,126697,55.29,17.72,6610,49.26,7.3,3161,49.75,1.26,3084,41.3,1.24,3161,49.37,47.41,6692,52.25,14.22,6610,50.61,13.62,3071,49.03,5.09,6699,54.93,4.32,6333,53.69,31.4,3161,52.22,15.45,3071,49.47,8.04,3053,48.34,7.13,6610,51.79,5.94
amumu,48.83,3068,51.53,29.78,3118,42.13,24.86,3084,49.89,16.5,3119,52.5,6.92,6664,54.5,6.84,3119,53.1,29.03,2502,49.93,12.26,4646,40.08,9.34,6653,46.53,7.42,3068,50.87,7.06,2502,53.58,18.24,3119,51.81,8.37,3075,48.8,7.78,8020,54.35,7.27,4645,42.44,6.92
anivia,49.56,6657,51.23,63.08,3118,46.98,16.72,3003,46.54,11.67,6653,46.93,3.15,2503,47.85,2.81,3003,50.15,51.34,6653,48.45,24.81,3118,50.53,6.07,6657,48.7,5.78,3116,46.98,2.18,6653,49.13,36.76,3003,49.2,12.42,3116,44.42,6.98,3118,50.36,5.99,3089,52.09,4.86
annie,50.88,3118,51.44,77.73,6655,48.61,14.06,6657,51.17,2.49,2503,53.33,1.2,4646,46.89,1.0,4646,50.64,34.83,6653,53.58,22.38,4645,49.79,14.95,3118,49.09,6.75,3116,54.14,6.23,4645,51.47,30.03,3089,54.83,12.6,3116,55.24,9.43,4646,52.14,7.49,6653,54.14,6.99
aphelios,53.45,6676,53.89,64.89,3032,52.31,27.22,3031,57.83,2.71,6672,52.05,1.23,126697,52.63,1.11,3031,55.41,60.12,3085,50.4,14.72,6676,53.46,9.39,3032,49.53,3.76,3036,54.65,2.57,3085,54.97,24.93,3036,56.98,22.63,3031,54.88,18.41,3072,53.95,6.89,3033,53.93,6.25
ashe,52.91,3032,56.37,39.55,6672,57.27,15.93,3118,40.29,15.2,3153,59.16,9.9,6696,44.31,4.96,3085,56.97,31.65,3153,57.68,11.95,6696,41.78,8.58,3046,57.33,7.67,3031,57.78,6.57,3031,57.73,20.07,3085,59.2,9.74,3153,56.21,9.18,4005,41.43,4.93,6696,42.87,4.05
aurelionsol,47.75,3116,48.78,34.49,6657,44.15,30.72,2503,51.99,22.75,3003,43.58,5.66,6653,50.56,3.34,3116,48.59,32.01,3003,45.05,28.26,6653,50.89,26.79,2503,50.97,4.96,6657,47.42,2.37,6653,50.05,35.54,3116,48.23,17.49,3003,48.41,13.98,4645,49.81,6.33,8010,52.26,5.27
aurora,52.96,6655,52.94,53.77,3118,53.2,33.94,6657,50.53,5.44,6653,53.13,2.59,2503,55.05,2.31,4645,53.27,38.11,4646,53.34,30.24,6653,50.93,15.48,3118,51.03,3.74,3089,61.51,2.56,4645,52.73,28.32,3089,55.75,23.75,4646,53.86,11.67,3157,49.11,5.45,8010,50.91,4.04
azir,49.13,3115,49.22,77.18,6655,47.82,9.13,2503,48.4,5.74,6653,53.28,3.24,6657,50.71,2.39,6653,49.36,44.41,3115,48.81,15.45,3116,50.56,14.65,4645,50.72,10.41,6655,48.12,2.68,4645,49.98,23.12,3116,49.1,15.83,3089,54.69,12.66,6653,48.46,11.72,3157,51.75,9.43
bard,46.93,6655,47.24,52.86,3087,44.92,13.24,3084,47.54,8.16,3107,45.89,4.37,3100,49.56,2.61,3100,47.56,29.77,3094,44.31,21.1,4646,47.4,4.01,3115,46.54,3.86,6655,46.49,3.72,3094,45.46,20.74,3100,45.6,12.52,3089,54.01,7.0,3115,44.88,6.69,4645,48.7,4.02
belveth,53.77,6672,53.94,48.79,3153,56.82,19.44,3084,50.32,10.85,3078,51.21,6.43,6631,56.34,3.55,3153,55.15,39.05,6672,54.84,14.11,3091,54.19,7.4,6673,52.6,6.02,6333,57.31,4.85,3091,55.51,22.77,6333,58.85,15.38,3153,54.79,10.45,6672,54.46,5.15,6673,54.11,4.39
blitzcrank,49.14,3118,43.26,30.99,3119,55.49,25.38,3084,49.62,22.98,6655,42.34,5.36,3083,56.91,2.29,3119,51.78,21.26,4646,42.04,18.01,3083,53.8,15.16,4645,39.5,5.99,2504,54.29,5.67,4645,42.06,12.36,3083,52.23,11.59,2502,51.48,6.6,2504,53.13,6.33,3075,48.05,6.06
brand,52.85,2503,54.38,60.38,6653,52.59,18.1,3118,48.35,17.24,3116,54.53,1.9,6655,47.15,0.95,6653,53.43,59.54,3116,54.0,15.48,2503,52.68,9.14,3118,49.38,6.01,4645,48.28,2.13,3116,54.42,31.88,4645,50.8,17.71,6653,53.42,11.17,8010,54.15,8.85,2503,51.8,3.6
braum,52.4,3084,51.12,50.35,3119,54.92,21.34,2502,52.48,12.03,3190,53.71,4.43,3083,54.3,2.57,3119,52.63,33.06,2502,52.52,18.97,3083,54.45,13.13,3075,50.42,5.93,3190,53.77,4.03,2502,53.8,15.67,3083,56.07,13.18,3075,51.13,10.76,3119,54.44,7.51,2504,53.53,4.64
briar,54.9,6610,56.98,52.03,3084,51.17,19.58,6692,51.79,8.19,3748,60.3,4.57,126697,57.61,3.36,6692,55.5,22.24,6610,54.32,18.84,3065,55.64,11.41,6333,58.69,9.06,3748,58.41,6.48,6333,56.59,23.42,3065,56.85,16.97,3053,58.36,6.2,6610,55.62,4.18,3748,57.16,4.08
caitlyn,53.65,3032,54.42,47.71,6676,53.07,37.09,3031,54.35,6.9,126697,50.34,4.9,6672,55.21,0.73,3031,55.29,51.46,6676,53.44,14.86,3094,50.41,13.53,3032,53.15,3.87,3036,51.8,2.79,3094,55.06,31.12,3036,53.98,18.05,3031,53.78,17.72,3033,52.66,5.64,6676,54.36,2.92
camille,50.2,3078,51.28,82.18,3084,48.87,6.6,6610,48.19,5.75,4004,29.69,2.01,3074,47.2,0.61,6610,50.63,49.17,3074,54.54,16.14,3078,48.46,9.78,6333,50.29,6.58,3053,53.71,2.95,6333,52.88,26.67,3053,53.32,16.88,6610,51.03,9.49,3074,53.59,7.55,3156,54.38,4.05
cassiopeia,49.91,6657,49.91,75.9,3003,49.04,10.65,6653,50.54,6.89,2503,51.14,2.84,3116,50.52,2.62,3003,50.34,57.08,6653,49.67,19.36,3116,48.79,13.36,6657,50.32,4.25,2503,54.07,1.06,6653,50.91,36.5,3116,49.85,24.31,3003,50.21,13.53,4633,49.78,4.52,8010,52.07,2.56
chogath,51.68,3084,53.06,69.35,6655,43.97,9.65,3119,52.6,3.91,6657,49.58,3.47,3083,55.74,3.07,3083,54.51,32.52,2502,52.4,16.02,3119,51.97,15.18,4645,41.29,3.16,3084,47.36,3.14,2502,54.54,21.08,3083,53.87,14.06,3075,48.92,10.57,3119,53.58,5.57,2504,55.03,5.42
corki,49.13,3078,49.49,65.25,6676,47.2,21.12,3004,49.36,5.46,126697,52.98,2.41,3161,55.78,1.25,3004,49.7,67.15,3078,48.07,9.48,6676,46.9,7.72,3031,47.14,6.84,3161,51.83,1.17,6676,48.82,27.07,3031,48.49,19.18,3004,47.69,9.42,3161,51.12,7.32,3036,46.23,6.79
darius,53.65,6631,53.52,35.58,3078,52.76,31.46,6610,57.3,15.64,3084,55.06,5.01,3161,54.01,2.92,6610,54.2,26.68,3053,55.62,19.34,3742,51.83,11.16,6631,53.39,5.06,3078,54.66,4.99,3053,55.53,19.16,6333,58.11,12.08,4401,53.99,12.07,3742,53.32,11.46,3065,57.17,7.34
diana,49.95,3152,48.35,30.12,3084,53.21,23.53,4646,48.09,15.39,6653,55.45,7.57,3118,45.2,6.2,4645,47.51,20.74,4646,47.49,20.44,4633,53.36,16.1,2502,54.37,10.16,3157,48.29,8.88,3157,47.65,17.95,4645,48.46,16.56,2502,54.15,10.74,3089,50.98,10.26,4633,53.33,7.79
draven,48.2,6676,46.45,51.15,126697,51.52,21.83,3072,50.03,16.62,3031,46.97,3.29,3508,46.52,3.19,3031,47.81,36.8,6676,50.29,26.7,3072,47.55,19.7,3508,47.19,3.29,3036,46.51,2.17,3031,51.01,31.55,3036,47.71,18.1,3072,49.07,16.41,3094,44.61,9.28,6676,52.92,4.45
drmundo,52.22,3084,52.32,86.54,3083,53.33,9.57,3065,50.68,1.87,2502,45.33,0.54,3748,45.9,0.18,3083,53.65,59.24,3065,52.25,11.4,2502,48.87,9.03,3084,53.62,6.62,3075,47.29,2.7,3065,55.18,22.72,2502,55.48,12.94,3075,48.14,12.38,3748,56.56,11.19,3083,54.95,6.81
ekko,49.35,3152,48.68,49.83,6655,49.97,21.47,3100,50.99,11.61,3084,51.16,5.13,4646,48.19,4.11,3100,49.36,51.49,4645,49.27,14.25,4646,49.1,12.21,3152,48.73,4.63,3157,47.79,2.25,4645,48.53,29.97,3157,47.75,16.07,3089,54.28,13.83,3100,49.6,8.87,4646,49.44,7.66
elise,49.62,6655,50.14,70.72,4646,49.18,11.18,2503,46.55,7.32,6653,47.61,2.28,3084,48.72,2.12,4646,50.42,36.24,4645,49.74,31.8,6653,48.11,12.08,3100,50.69,3.77,6655,46.15,3.17,4645,50.22,31.29,3089,52.23,17.29,4646,50.28,9.67,3100,50.64,5.45,6653,47.62,5.18
evelynn,49.79,4646,49.53,38.71,6655,48.57,18.81,3100,54.12,16.53,3152,46.09,8.81,3118,49.59,8.65,4645,49.69,30.64,3100,48.84,28.47,4646,49.31,17.05,3089,57.07,12.78,3152,43.13,2.09,4645,50.46,26.98,3089,55.29,24.79,3100,52.02,11.43,3135,49.1,8.84,4646,50.17,6.97
ezreal,51.21,3078,52.06,79.45,3004,51.23,11.22,6676,43.81,1.38,6662,51.66,1.31,3100,40.78,1.24,3004,51.9,74.73,3078,51.21,9.15,3161,47.2,3.15,6662,48.55,1.25,6676,44.83,1.17,3161,51.91,45.55,6694,48.42,15.62,3153,47.79,5.42,3004,47.49,3.93,3072,53.5,2.17
fiddlesticks,52.72,3118,52.57,81.57,6653,54.43,7.61,2503,53.2,4.21,3152,52.9,1.74,3157,51.45,0.67,6653,53.54,40.1,3157,50.73,25.04,4645,53.45,10.26,3118,52.94,6.27,3116,55.55,2.67,3157,52.47,26.87,4645,54.29,17.29,6653,51.79,10.72,3116,53.16,7.65,3089,56.03,6.82
fiora,51.69,3074,54.18,45.46,3078,51.16,33.57,6631,50.06,6.92,6610,47.94,5.84,3084,42.07,5.2,3078,54.66,38.71,6610,49.25,21.12,3074,53.13,18.91,6333,54.41,5.48,6631,49.0,1.96,6333,56.56,24.33,6610,54.1,21.42,3156,56.79,6.08,3074,54.24,4.96,3078,52.63,4.02
fizz,48.54,6655,47.48,38.93,3084,49.49,23.72,3100,49.34,19.3,4646,49.64,7.48,3152,49.48,3.35,3100,47.98,32.28,4646,48.41,17.57,4645,48.66,13.6,2502,49.99,11.2,3157,51.2,5.43,4645,48.92,23.29,3157,48.11,15.84,3089,53.46,9.28,4646,47.67,8.54,3100,49.27,7.46
galio,52.83,3084,52.48,46.54,6664,54.1,16.14,3119,55.83,11.54,6657,51.65,5.42,2502,53.74,3.89,3119,54.32,31.19,2502,54.03,14.09,6664,54.39,12.81,4633,52.3,8.75,3075,50.51,4.52,2502,54.73,21.56,3075,49.86,10.08,3119,55.96,7.42,6664,55.84,6.06,4633,56.57,4.86
gangplank,51.66,3078,52.79,57.93,6676,49.57,18.98,126697,52.36,11.58,3118,47.76,4.87,6696,49.27,3.03,6676,51.92,48.83,3078,52.03,13.17,3031,51.16,13.04,3118,51.43,7.47,6696,52.91,4.15,3031,52.37,40.42,3036,50.09,13.25,6676,53.47,8.62,3033,48.41,5.38,6653,51.3,4.97
garen,51.77,6631,53.6,69.65,3084,47.56,19.26,3078,50.43,1.56,3071,48.88,1.48,3046,48.2,1.17,3046,53.74,40.03,3071,53.21,12.12,6631,48.09,7.42,3742,50.02,6.77,2502,50.64,4.82,3031,55.77,18.05,3742,49.94,9.5,3046,54.48,8.84,3071,53.44,6.54,3033,53.69,6.1
gnar,53.82,3078,53.32,58.71,3084,55.26,26.46,3071,53.62,8.41,6610,59.77,1.74,6631,56.0,0.99,3071,53.46,33.71,3078,53.19,14.43,3091,53.04,11.93,3053,54.87,10.46,3083,58.35,5.69,3053,54.56,22.67,3091,52.37,11.56,6333,54.2,9.28,3071,52.31,8.93,2504,58.1,4.85
gragas,52.35,6655,50.28,44.16,6657,54.31,24.58,3084,52.28,10.21,3119,61.01,4.64,3118,49.7,4.51,4646,50.17,22.75,4645,49.7,19.92,3119,55.94,18.35,4629,52.31,6.81,3100,52.25,4.88,4645,49.36,19.01,3089,51.79,13.02,4646,50.25,7.77,2502,53.36,6.84,4629,53.42,6.63
graves,47.41,6676,46.8,60.83,126697,49.24,27.22,3072,48.36,2.63,3031,45.6,1.7,3142,46.62,1.46,3031,47.16,38.95,6676,48.95,28.17,3072,47.2,5.43,6692,44.53,4.63,3036,46.16,4.55,3036,48.45,28.43,3031,49.19,24.69,3072,48.38,12.22,6673,48.03,6.85,3033,45.31,5.42
gwen,50.33,4633,50.18,65.56,3115,50.58,25.79,3084,50.13,3.74,3118,51.95,1.22,6653,50.0,0.9,3115,51.12,56.28,4633,51.14,21.8,4645,51.98,6.73,4629,46.83,3.77,3065,50.0,1.77,4645,53.42,27.52,4629,50.6,12.12,3065,52.1,9.42,3089,59.17,9.39,3157,50.09,7.76
hecarim,48.78,6692,47.29,32.38,3161,51.58,29.24,6610,49.7,12.48,3004,51.2,6.41,126697,53.18,4.48,3004,50.84,42.82,3161,49.8,18.55,6610,47.89,5.98,3071,49.97,5.57,6692,49.9,4.41,3161,51.01,17.35,6333,53.81,15.12,3004,54.15,12.31,3065,51.38,7.97,3071,52.59,7.64
heimerdinger,49.45,2503,50.16,55.09,6653,49.54,19.28,3118,47.24,15.79,6655,50.41,3.93,3116,49.43,2.1,6653,49.99,49.08,3116,48.73,23.15,2503,50.47,6.86,4645,48.11,4.26,3003,49.68,3.97,3116,49.52,32.76,6653,48.64,12.63,3157,46.99,8.27,3089,53.89,7.43,4645,49.97,6.13
hwei,53.55,2503,54.57,66.86,6655,49.49,20.35,3003,54.83,4.98,6653,56.53,4.36,3118,49.59,1.94,6653,53.6,57.52,4645,49.47,14.57,3003,53.58,7.57,2503,54.67,4.05,4628,55.41,4.02,4645,51.24,29.52,3089,53.44,17.85,6653,51.84,8.16,3137,53.97,5.72,3003,53.7,5.09
illaoi,50.57,6610,52.05,54.52,3084,48.24,21.16,6662,49.41,12.35,3071,53.19,4.17,126697,43.78,1.91,6662,51.22,26.2,3065,52.23,18.23,6610,49.82,15.63,3053,52.85,7.9,3071,53.69,7.58,3065,51.95,23.3,3053,55.38,13.76,6333,54.6,9.73,6662,49.09,7.43,3071,51.55,5.42
irelia,54.42,3153,55.71,79.97,6610,57.46,4.72,3084,52.44,4.41,3118,40.88,3.84,3078,51.72,1.64,6610,56.75,43.82,3091,54.73,19.95,6333,57.11,7.55,3153,56.01,7.1,3078,54.5,2.63,6333,58.5,28.01,3091,55.97,19.72,6610,56.83,10.61,6665,51.81,6.12,3053,55.91,5.18
ivern,54.24,6617,57.14,52.29,3118,49.54,27.94,3107,55.4,8.2,4005,53.39,2.08,3003,51.37,1.23,3107,55.99,30.08,3116,48.67,14.91,6617,55.35,12.46,3504,58.53,9.94,3003,55.71,6.58,3504,57.06,14.41,3107,56.15,13.66,6621,56.69,11.32,6653,47.59,7.26,3003,54.9,6.33
janna,54.92,4005,55.7,33.82,6617,57.19,31.4,6655,50.54,14.31,3107,55.1,5.62,3003,54.06,3.89,3107,55.2,19.67,6617,56.57,18.92,3003,54.56,16.31,3504,59.98,8.47,4005,55.06,6.83,3107,55.26,17.72,6617,55.07,11.22,3504,57.81,10.95,6621,58.52,9.89,3003,54.07,7.36
jarvaniv,48.3,6610,51.66,45.13,126697,44.19,22.17,6692,48.0,13.01,3084,49.36,7.2,6676,40.13,4.14,6692,50.28,24.3,6610,49.34,12.4,6696,43.84,11.24,6676,41.93,10.38,3161,49.91,6.16,6333,52.66,16.34,3053,50.21,9.75,6696,45.43,6.61,6692,47.07,6.61,3161,49.57,5.69
jax,53.99,3078,54.94,68.05,6610,57.18,11.89,3084,52.63,8.7,3100,42.31,2.74,3115,43.74,1.64,6610,56.48,52.46,3078,56.12,11.0,3091,49.99,5.96,3153,54.09,5.34,3161,54.47,2.7,3161,56.13,15.25,6333,58.2,14.02,3157,55.93,10.64,3091,53.33,9.13,6610,54.24,6.84
jayce,50.34,126697,51.78,65.72,6676,45.16,15.55,6692,48.62,7.91,3004,49.95,3.69,3142,50.71,3.25,3004,50.88,69.97,6676,48.36,10.48,6692,47.71,4.36,126697,48.88,4.25,6695,49.35,2.48,6694,50.48,30.3,3004,49.14,14.78,6692,47.25,11.12,6676,50.06,10.43,6695,48.51,5.06
jhin,54.13,6676,53.45,64.04,126697,56.3,18.37,3031,54.12,6.37,3142,53.29,3.54,6696,58.11,3.51,3031,53.94,42.33,3094,51.98,19.93,6676,55.55,17.18,6696,57.01,8.8,3036,51.05,2.49,3094,54.7,33.44,3031,54.64,22.64,3036,52.12,15.38,6676,57.63,5.04,3033,49.65,4.46
jinx,55.11,3032,56.19,72.17,6676,51.19,12.6,6672,55.65,5.43,3031,53.55,2.63,126697,50.06,2.2,3085,56.04,39.88,3031,57.32,29.97,6676,52.45,7.16,6696,48.1,4.45,3094,50.41,2.63,3031,56.84,32.72,3085,58.53,18.86,3036,52.59,12.24,3033,52.08,5.63,3094,52.89,3.25
kaisa,48.86,6672,49.76,41.76,6655,47.55,35.97,3087,50.98,9.48,3115,44.83,2.79,3032,48.88,2.52,3124,49.74,42.15,4628,46.91,15.86,3004,49.44,9.79,3115,46.46,5.68,6672,49.64,4.98,3115,49.39,27.63,3302,50.57,11.52,4645,45.8,10.55,3124,49.14,7.39,3089,49.32,6.72
kalista,54.08,3153,57.02,71.95,6676,46.76,9.97,3124,49.06,6.82,3115,31.65,2.35,126697,44.43,2.2,3124,56.7,49.48,3085,57.4,16.58,3153,53.9,7.3,3091,55.63,4.66,3302,55.53,4.02,3302,57.71,24.12,3091,56.95,17.18,3085,57.59,16.63,3124,57.28,9.18,3153,52.59,2.49
karma,50.47,3118,50.28,66.44,6655,48.58,15.33,6617,55.37,9.8,3084,40.75,1.63,3107,54.54,1.06,6655,49.24,23.3,4645,47.02,14.53,6653,46.88,8.96,4646,49.33,8.64,3118,49.0,6.75,4645,47.05,20.91,3089,50.5,13.0,4646,49.57,9.66,3137,48.09,4.42,3107,53.27,4.18
karthus,50.94,3118,48.88,64.21,2503,56.98,21.94,6653,53.12,8.45,3003,45.62,1.99,6655,49.25,1.26,6653,52.49,47.74,4645,48.31,21.65,3118,50.28,8.88,2503,52.8,8.43,3003,48.45,2.63,4645,51.51,35.57,3089,51.4,17.72,6653,50.86,11.46,2503,51.06,6.17,4646,49.14,4.29
kassadin,49.79,6657,50.75,77.0,3118,48.03,16.32,3003,43.9,4.14,3084,43.73,1.01,6655,38.87,0.56,3003,50.42,65.04,3118,50.45,19.32,6657,47.64,5.19,3100,43.42,2.24,4645,44.65,1.81,3118,51.47,32.36,3003,52.17,18.81,3100,47.37,8.08,3089,50.93,7.56,3157,48.76,6.74
katarina,45.76,3084,47.31,27.21,4646,41.24,21.6,3100,45.38,15.78,3153,51.55,8.8,4645,42.79,8.73,4645,43.3,29.74,3153,48.49,15.59,3748,48.24,14.36,3100,43.07,9.12,6672,52.18,7.9,3089,45.75,17.79,3153,47.64,10.86,3157,42.07,8.83,3748,48.51,8.76,4645,43.64,8.61
kayle,55.63,3115,54.96,50.53,3153,57.87,25.59,3124,55.45,10.64,6672,55.9,5.49,3118,50.94,1.86,3124,56.09,42.28,3089,60.28,8.63,3091,55.01,8.42,3153,56.9,7.92,3115,56.27,6.82,3091,57.55,16.38,4633,56.52,12.8,3302,59.35,11.27,3124,58.78,9.46,3089,61.76,7.23
kayn,48.92,126697,48.63,45.85,6692,50.34,31.11,6610,48.93,7.94,6676,39.43,2.35,3161,50.68,2.06,3071,52.48,19.07,6692,47.98,16.52,3004,47.32,14.59,6696,51.26,6.74,6610,49.08,6.18,6333,54.03,15.48,3004,49.53,11.59,3071,51.31,7.63,3065,54.46,7.41,3161,54.83,5.99
kennen,51.96,3152,52.25,68.11,4646,52.42,12.48,3118,52.67,9.87,4645,52.48,3.44,6653,53.69,1.52,4646,52.46,28.74,4645,53.68,27.18,3157,50.1,21.66,3152,52.61,5.51,3118,52.47,4.37,4645,53.3,26.09,3157,51.21,19.18,3089,57.26,16.46,4646,53.55,9.03,3135,52.09,4.53
khazix,46.68,126697,48.04,71.85,6676,40.53,15.98,3004,47.59,3.49,3142,44.57,1.85,6692,49.31,1.79,3004,47.76,44.43,6676,43.81,20.24,126697,43.63,7.35,6695,48.06,4.05,6694,44.94,3.87,6694,46.72,30.27,3004,45.98,13.59,3814,46.92,11.65,6676,46.22,8.94,6695,45.19,4.74
kindred,51.98,3032,50.88,43.68,6676,51.47,19.56,6672,52.38,13.4,3087,54.96,12.05,3153,56.04,5.47,6676,51.6,40.11,3031,53.24,19.46,3153,54.71,13.52,3032,51.91,4.92,3085,53.34,4.67,3031,54.0,35.12,3036,52.44,10.94,3153,52.85,7.8,3094,51.74,7.41,3033,52.12,4.91
kled,52.99,3084,52.53,42.3,3748,56.15,23.87,6610,51.76,8.45,6631,50.45,7.37,6698,51.68,6.7,3748,53.86,32.66,6610,53.7,23.23,3071,52.38,5.9,6692,53.34,4.86,3053,51.45,3.8,2501,54.96,23.0,3053,53.79,12.15,6610,51.67,9.75,6333,49.86,5.98,3748,54.07,4.94
kogmaw,55.11,3153,54.63,41.93,3118,56.21,21.79,3124,53.01,10.41,6655,59.16,7.43,3003,55.67,5.61,3124,54.54,32.82,3003,56.87,17.63,3085,54.49,9.68,6653,56.86,8.28,3153,54.17,6.65,3085,55.3,19.14,6653,55.27,10.74,3091,53.47,10.08,3302,53.05,9.82,3124,54.82,7.41
ksante,49.38,6662,48.98,50.42,3084,47.37,28.88,2502,51.44,7.89,2504,56.77,3.6,6665,54.5,3.14,2502,49.85,38.44,6662,47.47,16.75,6665,50.58,10.29,2504,52.77,5.06,3075,49.01,4.56,6665,50.3,24.54,2502,51.35,15.5,3075,47.9,9.2,3143,48.09,6.81,3065,55.37,5.18
leblanc,44.09,6655,44.47,80.1,3118,41.73,9.58,6657,46.58,3.98,4646,43.07,3.18,4645,46.06,0.79,4646,44.43,44.7,4645,43.31,36.73,3089,47.92,4.61,6655,43.98,2.61,6653,46.0,2.16,4645,44.11,32.28,3089,46.28,24.05,4646,44.69,12.55,3135,40.65,8.38,3157,43.52,2.44
leesin,48.16,6692,49.53,43.54,126697,45.63,26.6,6610,50.69,20.69,6676,40.21,3.51,3074,48.49,1.09,6610,50.1,37.49,6692,48.5,24.28,6676,42.49,9.73,3071,47.44,5.18,6333,50.67,5.04,6333,51.13,25.35,3071,47.2,11.99,6610,47.33,9.63,3156,50.13,6.41,6692,45.76,6.1
leona,52.43,3084,52.45,72.68,3119,53.5,9.56,2502,52.87,8.86,3083,54.91,1.09,3190,49.37,0.95,2502,52.56,30.89,3119,54.0,26.06,3083,51.94,9.62,3075,51.07,8.65,2504,55.87,2.5,2502,54.09,16.54,3075,49.74,15.35,3083,53.43,9.44,3119,55.07,6.95,6665,51.98,4.75
lillia,50.17,2503,50.78,55.23,6653,51.16,26.81,6657,47.54,10.27,3118,43.49,2.66,4633,48.26,2.31,6653,51.12,54.11,4633,51.39,13.53,3116,48.38,9.42,2503,50.38,8.38,4629,48.91,3.28,3116,50.71,26.58,4633,53.85,15.26,4629,51.81,12.98,3157,50.26,8.32,6653,50.78,5.84
lissandra,51.68,3118,51.53,65.22,6655,51.21,16.42,6657,51.36,10.77,2503,56.45,3.58,6653,56.67,1.24,3157,50.65,36.0,4645,52.63,21.74,6653,52.73,19.28,3118,50.11,6.74,4646,51.73,4.64,4645,50.9,25.3,3157,50.75,20.67,3089,55.01,13.21,6653,50.13,8.88,4646,53.23,4.03
lucian,50.34,3508,49.81,50.8,6676,51.64,27.92,3087,51.6,5.55,6672,49.99,3.78,3031,49.44,2.88,6675,48.74,44.39,3031,52.8,23.63,6676,51.53,12.16,3508,51.52,5.37,3153,54.17,2.0,3031,50.7,37.29,6675,52.04,15.83,3036,50.01,12.41,3033,48.84,4.39,3072,50.38,3.8
lulu,51.17,6617,53.11,59.99,3107,52.51,7.56,3504,56.75,7.42,2065,51.05,4.92,6655,42.06,2.86,3504,55.02,27.38,3107,51.29,20.4,6617,53.6,10.56,3003,51.36,9.3,3222,50.77,5.54,3107,52.71,20.5,3504,54.54,13.74,3222,52.66,8.07,6621,53.7,7.39,3003,52.25,6.26
lux,51.8,6655,52.58,58.56,3118,50.51,33.55,2503,51.44,3.18,3003,51.97,1.45,4646,50.18,0.84,4646,50.92,35.71,4645,50.09,20.33,4628,51.32,9.91,6655,50.87,8.06,3118,51.13,7.2,4645,48.85,27.55,3089,52.36,22.04,4646,51.29,11.35,4628,49.74,8.34,3135,44.77,4.25
malphite,47.67,3118,44.98,62.75,3084,55.17,16.5,6655,44.98,10.41,2502,57.44,1.92,3119,60.35,1.71,4646,45.29,37.95,4645,44.11,17.18,2502,56.27,7.69,3118,45.39,5.52,6655,44.86,4.38,4645,45.56,26.81,3089,47.26,14.4,4646,45.66,10.46,3075,54.04,4.76,2502,54.71,3.91
malzahar,53.2,2503,53.97,63.32,3118,50.78,16.72,6653,53.2,15.48,3003,49.22,1.26,6655,51.42,1.07,6653,53.5,60.12,3116,53.61,16.67,2503,52.28,8.11,3003,52.84,3.74,3118,52.69,2.96,3116,53.52,33.11,4645,53.34,14.18,6653,53.11,12.04,8010,52.15,8.92,3089,55.1,3.74
maokai,53.11,3084,53.01,51.78,3119,57.9,13.33,6653,51.91,10.4,2503,46.43,6.63,2502,57.15,5.29,3119,55.24,34.64,2502,54.15,18.99,6653,48.98,10.96,3065,55.89,7.29,3083,55.41,3.56,2502,55.27,20.56,3065,58.18,12.98,3075,50.16,8.99,3119,56.21,8.94,3083,55.13,3.51
masteryi,50.46,6676,49.43,35.99,3153,52.15,34.62,6672,50.77,10.12,126697,51.55,5.06,3084,47.08,5.04,3153,51.55,24.66,3124,52.73,23.14,3031,49.59,9.97,3091,51.46,8.84,6676,51.71,8.09,3091,53.27,18.09,3124,53.36,12.09,3031,51.35,6.75,3153,51.31,6.39,6333,55.1,6.16
mel,49.88,6655,48.92,50.61,2503,51.15,37.78,3003,50.14,6.74,6653,50.9,2.46,3118,44.65,0.67,6653,49.8,46.15,4645,48.19,26.69,3003,50.42,7.26,4628,50.97,3.9,2503,51.04,3.42,4645,48.81,32.05,3089,50.38,21.92,6653,47.45,9.86,4629,49.42,6.24,3003,49.03,3.69
milio,53.26,6617,56.65,47.78,6655,45.34,27.93,6620,59.13,9.73,3107,54.96,4.09,3504,60.51,2.71,3504,59.66,19.76,3107,54.23,16.12,6617,57.06,13.82,4646,43.4,10.4,3003,53.4,7.47,3107,57.01,17.42,3504,57.5,13.12,6621,57.87,10.55,4645,42.11,7.35,3089,45.0,5.22
missfortune,50.51,6676,49.8,57.7,2503,50.96,14.06,6696,52.09,5.98,3072,52.85,5.22,126697,54.24,4.32,6696,51.05,31.93,3031,49.89,15.52,6653,50.74,12.62,6676,51.55,9.94,3004,48.55,9.13,6694,51.5,16.21,3031,50.86,14.92,3004,50.18,9.16,3036,49.98,8.52,6696,50.82,6.71
mordekaiser,51.95,4633,52.36,47.69,3116,53.64,22.65,6653,53.74,13.49,3073,45.96,6.71,3084,49.04,4.48,3116,52.95,34.63,4633,53.38,20.51,3073,49.22,15.32,6653,54.35,8.22,3065,55.43,6.6,6653,54.27,15.55,3065,56.49,14.94,3116,51.38,12.33,4633,54.4,9.35,3075,50.02,7.34
morgana,53.77,2503,54.36,64.39,6653,53.35,17.06,6655,51.63,11.06,3118,48.47,1.68,3116,55.65,1.33,6653,54.04,51.71,3157,49.1,14.06,3116,54.19,10.8,2503,54.34,6.96,3003,55.06,3.18,3157,49.85,25.24,3116,53.76,19.91,6653,52.52,9.91,4645,53.07,7.76,8010,55.15,4.63
naafiri,48.58,126697,49.26,67.26,6692,49.11,19.37,6676,42.28,8.38,6698,43.99,1.1,3161,51.1,0.95,6692,48.63,44.91,6676,46.16,15.2,3161,50.29,9.42,3071,50.48,6.46,126697,47.31,4.78,6694,50.12,24.42,6333,51.12,10.75,6692,47.85,9.76,3161,49.03,9.48,6676,46.54,8.68
nami,54.78,4005,57.07,48.21,6617,54.82,22.29,3118,49.61,11.07,6655,47.5,5.06,3003,56.11,3.43,6617,56.54,27.25,3003,55.18,13.08,3107,53.39,11.09,4005,55.21,10.82,3504,57.4,10.54,3504,57.53,15.68,3107,54.08,14.1,6617,55.24,11.22,3003,55.04,9.02,6621,56.6,6.3
nasus,53.37,3078,56.74,49.19,6662,56.19,16.74,2503,44.69,15.37,3084,51.6,5.83,6653,47.58,2.49,3110,57.95,23.97,3065,57.21,23.3,6653,44.14,12.5,6610,57.44,9.8,3078,52.96,3.93,3065,57.96,20.86,3110,58.4,13.51,3075,53.83,8.11,4401,59.83,6.75,3116,45.3,6.16
nautilus,53.61,3084,53.28,65.35,3119,57.79,14.19,2502,53.75,9.05,3083,55.03,1.14,2504,62.57,0.8,3119,55.48,37.04,2502,54.67,20.13,3083,54.23,8.86,3075,51.13,7.65,2504,57.29,2.93,2502,56.28,20.26,3075,52.79,12.54,3083,57.2,8.1,3119,56.57,7.66,3065,59.36,5.3
neeko,50.78,3118,50.57,48.52,6655,50.06,23.83,3152,52.52,23.18,4646,53.97,0.83,3153,44.81,0.59,3152,50.87,29.23,4646,50.15,17.53,4645,49.48,17.3,3118,51.87,13.25,3157,50.18,10.13,3157,49.19,28.42,4645,49.43,20.83,3089,51.7,11.55,4646,51.83,9.21,3137,50.84,2.13
nidalee,52.06,6655,52.53,81.72,2503,50.3,7.24,6653,49.88,2.38,4646,48.73,2.18,3003,51.71,1.45,4646,51.29,32.23,4645,50.22,25.35,4628,53.49,12.0,6653,50.23,9.35,3089,56.67,6.56,4645,49.43,27.51,3089,52.95,24.62,4646,51.23,9.54,4628,50.47,8.85,3135,44.04,3.71
nilah,55.41,6676,55.89,76.57,3032,56.2,14.86,126697,62.93,2.14,3072,42.13,1.95,3031,49.01,1.1,3031,58.1,55.1,6675,51.37,11.54,6673,54.5,10.66,6676,56.64,8.82,3072,50.35,2.81,6675,57.84,24.4,3031,59.0,19.28,3036,60.03,14.45,6673,60.53,11.02,3072,52.51,8.86
nocturne,46.29,126697,44.36,41.26,6631,52.67,13.66,6696,46.48,13.2,6676,43.12,11.2,3073,48.61,9.09,6696,44.83,38.43,3073,49.16,16.57,6676,43.52,11.56,6631,50.34,5.7,3004,43.66,5.35,6676,45.97,13.12,3004,45.61,11.77,6696,46.44,11.38,3073,45.78,11.37,6610,48.78,6.06
nunu,46.59,6655,45.0,39.04,4646,45.37,23.01,3152,47.8,12.43,3084,48.74,6.3,3118,46.28,5.2,4646,45.6,32.14,4645,44.74,24.31,3089,50.74,6.59,3065,52.08,5.27,6655,44.91,5.17,4645,46.2,23.86,3089,49.59,18.94,4646,45.89,6.25,3102,46.55,5.14,3065,50.31,4.93
olaf,57.15,6631,57.95,54.26,3073,55.59,19.38,3074,60.87,13.36,6610,56.58,6.29,3084,45.75,2.93,3073,58.56,47.79,6610,58.12,16.09,6631,56.25,10.84,6333,57.97,6.76,3074,61.12,4.15,6333,60.33,25.4,6610,59.67,21.57,3065,58.11,8.5,3053,56.95,7.2,3073,61.1,6.66
orianna,50.15,6655,50.17,57.8,3118,48.67,23.16,3003,51.5,9.15,2503,52.35,3.72,6657,52.83,3.3,4645,48.56,31.11,4646,49.63,28.17,3003,51.76,9.32,6653,49.75,7.76,3089,54.08,6.24,4645,48.56,26.21,3089,52.02,23.62,4646,49.57,10.68,3135,46.57,6.31,3157,47.81,3.87
ornn,53.11,3084,52.5,70.32,2502,55.11,9.06,3119,53.22,7.84,3083,55.31,4.17,6664,58.48,1.97,2502,54.2,33.38,3083,54.81,20.82,3119,52.92,16.44,3075,52.22,5.36,2504,57.49,3.88,3083,58.64,19.14,2502,57.99,15.32,3075,52.51,12.16,6665,57.18,8.9,3143,55.89,5.77
pantheon,53.25,6692,52.84,39.5,126697,52.16,24.73,6610,56.85,24.53,6676,45.77,4.36,3084,53.13,2.48,6610,53.97,34.36,6692,53.45,20.51,6676,48.88,9.75,3161,54.12,8.56,3071,56.94,6.91,3161,54.47,21.03,6333,56.49,14.51,3071,53.02,10.93,6610,53.34,8.96,6692,52.57,5.65
poppy,52.42,3084,52.4,65.18,3119,54.18,12.43,6610,53.39,9.94,2502,52.59,4.17,126697,33.33,0.86,3119,53.92,44.52,2502,52.43,18.77,6610,52.78,6.38,3083,51.84,6.05,3075,49.37,4.07,2502,54.44,26.0,3119,54.49,10.37,3075,49.53,9.76,3083,53.63,7.06,6610,53.94,4.33
pyke,48.02,126697,48.44,57.25,6696,50.05,25.06,6676,40.81,9.58,3142,47.46,3.4,6701,50.04,0.87,6696,47.81,53.89,126697,49.99,13.74,3814,45.85,9.27,6676,42.93,5.66,3142,48.51,4.39,3814,46.46,31.17,3142,49.04,14.99,6676,45.09,7.14,6701,52.37,6.12,6696,45.96,5.68
qiyana,48.41,126697,49.56,75.4,6676,41.5,11.99,6696,47.55,4.62,6698,49.56,3.11,3142,45.77,1.37,6696,49.17,43.18,6676,45.61,15.81,3004,46.18,10.97,6698,52.48,8.74,126697,46.44,5.03,6694,48.39,28.26,6696,48.53,13.64,3004,46.7,9.87,3814,49.54,9.84,6676,46.33,7.92
quinn,48.18,6676,46.97,45.27,3087,50.18,23.86,3032,48.09,12.7,6698,50.53,3.77,126697,48.96,3.46,6676,49.41,29.23,3031,47.67,24.52,6699,48.45,10.88,3153,50.1,7.54,3087,45.72,5.08,3031,49.92,26.75,3036,49.1,19.42,3033,49.05,6.8,3814,52.06,5.64,3153,48.03,5.26
rakan,50.61,3084,46.21,34.18,3119,51.6,23.93,3190,52.22,9.7,3118,55.49,8.7,3107,53.31,5.98,3119,48.58,28.7,3190,52.18,12.54,2502,48.0,10.84,3107,53.4,6.52,3083,49.71,6.08,2502,49.3,13.53,3107,52.98,7.61,3083,50.71,7.44,3050,53.03,6.53,3119,49.52,6.35
rammus,49.64,3075,51.09,67.19,3084,47.87,19.55,2502,48.21,3.07,6664,53.04,1.8,2504,54.87,1.33,2502,50.81,28.89,3075,48.18,15.36,6665,51.99,14.45,3068,51.7,8.58,6664,51.1,5.15,6665,52.37,20.58,2502,51.61,15.59,3068,48.98,6.9,3083,52.45,6.58,3143,52.31,6.36
reksai,55.06,3084,57.16,59.38,6610,54.65,13.84,3748,58.2,4.86,6692,52.12,4.29,6631,53.42,3.61,2502,57.28,35.72,6610,55.54,12.89,3065,61.18,6.87,3748,55.63,6.4,6692,53.71,5.65,3065,58.93,18.31,2502,57.41,9.36,3075,53.88,6.95,3143,56.1,5.41,3748,56.39,5.21
rell,51.57,3084,51.52,54.92,3119,52.12,15.95,2502,51.24,12.35,3050,54.59,4.52,3190,51.37,1.65,3119,51.68,33.55,2502,53.13,23.84,3083,51.98,6.72,3075,49.68,6.3,3050,55.16,3.3,2502,53.45,18.35,3075,48.54,12.77,3083,55.13,8.6,3119,53.1,6.56,6665,53.67,6.36
renata,52.13,4005,52.71,49.02,3118,51.15,27.14,3107,53.98,6.41,2065,53.03,4.0,6617,52.4,3.08,3003,52.6,17.1,3107,53.37,16.49,4005,52.06,16.01,3118,50.87,15.88,3190,54.28,5.39,3107,52.82,17.11,3118,52.91,9.66,3003,53.28,9.09,2065,54.09,8.9,3190,52.23,8.43
renekton,51.93,6610,53.29,41.56,6692,50.95,39.77,3084,46.8,4.61,126697,51.5,2.92,3161,50.83,2.47,6610,52.48,28.59,6692,52.98,16.33,3161,51.51,12.1,3071,51.96,9.1,3053,52.64,9.09,3053,53.77,23.88,6333,55.32,15.85,3161,54.05,12.39,3065,55.69,7.56,3071,52.33,5.92
rengar,45.8,126697,45.81,52.02,6676,40.9,13.14,3084,46.45,10.77,6610,51.06,6.31,6698,47.44,3.8,6676,43.5,29.95,6698,48.97,17.19,6610,46.62,9.98,126697,42.64,6.37,6692,48.87,3.77,6698,45.19,16.93,3031,45.7,12.53,3036,45.93,7.63,6676,46.87,7.13,6699,47.05,4.99
riven,53.27,6692,52.51,51.42,6610,54.24,25.17,126697,55.61,16.94,6698,56.39,1.08,3084,47.15,0.98,6610,54.83,45.56,6692,53.92,18.56,3161,50.57,10.09,6333,55.7,5.56,3071,51.38,4.3,6333,57.82,30.3,3161,53.24,15.15,3071,51.85,8.23,6610,55.47,7.85,3156,54.63,5.76
rumble,51.78,6653,52.56,68.88,3118,50.12,24.14,4645,48.55,1.26,4633,50.55,1.17,3152,53.48,1.03,3118,50.23,24.03,6653,51.15,20.18,4645,51.82,17.01,4633,54.81,13.56,8010,55.24,11.31,4645,51.99,26.69,8010,53.29,19.01,3089,54.68,8.22,3157,51.85,8.04,3116,50.92,6.81
ryze,52.58,6657,52.85,90.46,3003,51.73,6.85,6655,48.74,1.66,6653,53.08,0.14,2503,41.6,0.14,3003,53.26,84.71,6657,52.97,4.48,4629,48.07,2.24,3110,45.98,1.31,4645,46.22,1.16,4629,51.71,26.78,3089,56.72,19.17,3110,51.72,16.72,4645,52.37,4.51,3135,49.13,4.35
samira,55.73,6676,56.16,84.52,126697,53.86,12.01,3072,54.37,1.56,3031,55.44,0.7,6673,47.17,0.54,3031,58.44,57.48,6673,51.34,17.16,6676,54.71,12.12,3072,53.85,5.63,3036,53.38,2.18,6673,57.35,27.23,3031,56.19,22.54,3036,57.72,19.82,3072,57.96,12.09,3033,55.37,4.41
sejuani,49.4,3084,50.44,71.36,3119,48.92,10.57,2502,47.93,8.05,3118,32.18,1.85,3083,51.88,1.64,3119,50.51,33.58,2502,49.84,22.89,3083,53.49,15.39,3075,47.49,5.12,2504,54.34,2.9,2502,51.66,21.21,3083,52.82,14.06,3075,48.53,11.8,3119,51.99,9.14,6664,52.1,4.39
senna,55.71,3087,58.73,45.19,6676,49.63,22.86,3032,49.86,7.18,6672,56.79,5.32,3071,58.89,2.79,3071,59.56,29.19,3094,52.34,21.77,3004,52.32,13.74,3031,54.86,11.25,6676,52.96,5.19,3094,55.6,28.97,3031,56.46,25.86,3071,57.13,6.47,3004,52.53,4.08,3036,51.5,3.5
seraphine,50.33,3118,48.83,49.45,2503,51.56,18.18,6617,52.64,8.76,6655,49.79,6.96,3003,51.97,5.13,3116,49.13,32.94,6653,48.95,21.91,3003,52.42,8.11,6617,51.23,4.89,3118,50.73,4.87,6653,47.7,20.34,3116,48.75,17.05,3089,50.39,7.14,4645,48.11,5.97,3003,51.78,4.81
sett,53.36,3084,52.94,63.42,6631,55.03,27.91,2501,55.6,1.53,6610,52.59,1.42,3083,52.1,1.03,2501,54.47,55.78,3083,54.25,11.85,6631,51.49,7.21,3053,53.08,5.73,6610,53.26,3.65,3083,56.52,23.54,2501,56.08,18.52,3053,55.17,16.46,3748,52.96,3.28,6631,53.43,3.28
shaco,46.16,2503,49.71,29.66,6655,48.8,22.2,3118,48.52,19.62,6699,34.72,8.2,6676,35.4,5.34,6653,49.07,45.15,4645,46.57,9.78,6676,35.27,9.76,2503,50.4,5.83,3118,47.84,4.55,4645,47.76,27.12,3089,51.12,8.79,6653,48.55,7.95,3031,36.55,7.72,3118,47.93,3.91
shen,53.67,3084,54.37,88.39,2502,46.84,3.97,3748,50.26,2.33,6664,52.44,1.05,3083,56.43,0.96,2502,54.3,41.72,3083,57.39,14.12,3748,54.83,10.15,6664,54.33,8.2,3075,50.4,7.24,3075,51.15,18.34,2502,56.8,13.3,3083,57.25,12.09,3748,58.37,8.17,3143,50.63,5.87
shyvana,53.63,4646,51.41,35.22,6653,55.25,21.89,3084,50.1,9.41,3161,58.88,7.23,6655,52.79,5.23,4645,51.66,26.76,6653,55.71,14.2,4646,52.95,12.06,3161,55.63,10.26,4628,54.51,6.79,3089,55.26,17.44,4645,54.73,16.33,4628,54.11,9.81,6653,53.22,5.87,4633,60.08,5.61
singed,51.14,6657,50.56,57.76,6653,52.87,17.19,3116,52.83,16.67,3119,53.37,2.1,3084,43.22,1.38,3116,51.36,47.46,6653,53.39,18.92,3119,53.26,10.37,4401,50.95,4.78,3742,45.45,3.51,6653,53.04,20.69,3742,48.73,14.06,3116,53.57,13.51,4401,51.92,11.14,3119,55.39,6.84
sion,54.51,3084,56.42,81.85,3142,36.67,3.36,2502,52.13,2.9,126697,36.95,2.17,6664,58.79,1.71,2502,56.74,40.91,3083,54.69,11.55,6664,59.19,9.69,3748,57.9,7.35,3075,54.99,5.36,3075,52.82,16.87,2502,56.49,11.96,3083,56.12,10.75,6664,58.81,8.17,2501,56.67,5.89
sivir,56.23,3032,57.05,59.73,3508,57.75,15.88,3087,53.96,11.43,6676,53.17,5.67,3031,53.73,1.73,6675,56.27,48.19,3031,58.91,25.97,6676,53.34,9.19,3032,54.97,3.45,3508,56.81,1.96,3031,57.51,37.6,6675,58.78,18.92,3036,54.21,10.35,3033,54.49,9.84,3072,54.09,2.31
skarner,49.62,3084,49.34,74.42,3119,51.97,12.18,2502,50.39,6.54,3083,50.94,1.17,2504,57.14,0.68,3119,52.01,47.82,2502,48.8,21.12,3083,49.42,7.6,3075,44.53,3.41,3084,49.54,2.41,2502,52.91,27.94,3119,51.53,9.9,3075,45.59,9.1,3083,53.63,8.36,6665,49.33,5.13
smolder,51.7,3078,50.06,40.22,3508,53.28,36.34,3004,51.61,6.64,126697,55.42,5.8,3161,54.48,3.9,3004,50.79,34.16,3161,53.14,28.26,3094,49.79,12.26,3078,51.76,6.95,3031,54.15,6.06,3161,51.98,26.94,3094,51.51,23.38,3031,54.63,13.56,3004,51.94,6.51,3036,52.04,3.55
sona,55.96,6617,58.57,57.24,6655,48.58,14.4,3003,54.78,10.06,6620,58.5,5.45,3100,48.22,2.42,3003,56.78,29.57,6617,57.85,11.86,3504,60.16,11.77,3100,48.84,11.52,3107,56.37,9.67,3504,59.46,14.76,6621,58.83,11.38,3107,56.37,10.98,3003,56.1,10.76,6616,59.49,9.54
soraka,53.9,6617,53.93,54.96,6657,55.36,28.42,3107,54.35,3.69,3083,49.37,3.06,6655,48.01,1.71,3083,50.62,22.36,6617,55.52,22.29,3107,55.77,16.84,3119,50.74,16.4,3003,54.88,3.11,3083,52.37,32.66,3107,53.55,12.83,3119,51.27,10.32,6617,53.28,6.98,6621,60.24,6.46
swain,51.61,6657,51.05,61.34,3118,53.64,14.96,3084,45.03,6.83,3116,54.42,5.16,6653,54.48,4.46,3116,51.34,44.8,6653,53.29,12.07,4633,52.97,8.97,3065,52.45,8.62,3118,52.75,3.94,3065,51.3,22.39,4633,52.5,13.99,6653,51.52,11.94,3116,51.74,10.89,2502,49.94,7.74
sylas,48.63,6657,49.48,53.7,3152,47.53,24.36,3084,51.41,6.55,4646,44.92,2.77,4633,50.89,2.71,4633,49.89,43.33,4645,46.31,12.26,4629,48.35,12.23,4646,45.16,4.06,3100,46.61,3.74,3157,48.62,18.79,4629,49.64,17.89,3065,53.19,10.93,4633,49.94,9.14,4645,46.72,6.44
syndra,51.64,6655,51.61,75.24,2503,53.91,11.77,3118,47.73,7.68,3003,54.17,1.97,4646,52.1,1.15,4645,50.71,37.68,4646,51.26,33.69,3089,57.0,6.37,6653,50.09,5.61,4629,56.62,3.67,3089,54.35,27.17,4645,51.45,27.02,4646,51.96,10.7,3135,47.39,9.38,3157,49.93,3.06
tahmkench,52.87,3084,53.74,88.21,2502,45.38,3.3,3119,51.31,3.06,3083,48.41,1.14,3065,53.37,0.67,2502,53.89,40.79,3083,55.39,15.68,3119,51.71,14.19,3065,55.64,5.37,3075,48.71,5.34,3075,50.07,15.01,2502,54.94,14.54,3065,55.73,14.48,3083,55.33,11.31,3119,53.54,5.32
taliyah,50.04,6655,49.17,48.06,2503,51.01,32.02,3003,50.36,13.77,6653,50.97,3.03,6657,52.1,1.68,6653,50.25,39.45,4645,48.3,28.52,3003,50.99,7.81,4646,48.96,6.51,3116,51.33,5.16,4645,48.46,22.93,3089,50.22,16.64,3116,49.27,10.82,6653,47.06,8.35,4646,47.25,7.11
talon,49.89,126697,50.96,68.26,6676,44.64,9.76,6692,48.97,8.71,3142,49.08,3.12,6696,49.33,2.81,6696,51.64,33.38,6676,47.45,22.33,6692,48.35,8.25,6610,50.83,5.42,6695,49.2,3.93,6696,50.45,18.76,6694,50.31,14.96,6676,49.63,9.28,6692,46.95,8.51,3814,51.06,6.78
taric,53.27,3084,51.91,49.54,3119,54.84,27.61,2502,52.89,9.14,3190,55.13,2.34,3107,56.74,1.57,3119,54.02,41.05,2502,52.98,17.24,3065,54.79,8.91,3084,50.33,3.74,3075,49.04,3.58,2502,53.81,18.54,3065,55.67,15.65,3075,51.87,10.33,3119,55.14,7.87,3110,54.9,4.27
teemo,45.8,3118,46.35,70.9,6653,46.46,13.81,2503,44.39,8.2,3115,40.71,3.26,6655,44.46,1.16,6653,46.83,61.49,3118,47.07,12.42,2503,46.96,8.54,4645,44.23,3.97,3115,42.72,3.26,4645,47.45,30.69,2503,49.62,11.9,6653,47.61,9.89,3165,45.6,6.06,3089,49.07,5.43
thresh,52.84,3084,51.7,59.18,3119,56.69,19.39,2502,53.83,8.01,3190,56.67,2.75,3083,57.64,1.89,3119,52.52,36.06,2502,53.22,16.84,3083,55.65,15.67,2504,56.2,5.22,3075,50.72,3.53,2502,52.15,18.04,3083,55.47,13.66,2504,56.92,8.48,3075,49.92,7.99,3119,54.3,7.39
tristana,51.09,3032,51.39,69.15,6676,50.01,12.95,3087,52.32,5.82,6672,50.93,5.08,3031,49.82,2.55,6675,49.83,38.8,3031,54.25,32.06,6676,52.0,11.25,3032,52.07,3.37,3153,54.09,2.64,3031,53.3,33.54,6675,54.69,19.36,3036,51.69,13.44,3033,50.55,5.13,3072,52.59,4.38
trundle,51.36,6610,54.75,27.5,4005,48.91,24.58,3084,50.99,23.35,3078,51.56,8.88,3119,54.06,2.11,3119,50.85,17.9,3078,55.55,16.88,6610,52.25,12.54,3065,52.65,11.47,3153,53.6,7.68,3065,54.0,21.97,3075,51.4,8.11,3153,53.83,7.13,6610,51.81,3.92,2502,53.97,3.62
tryndamere,51.45,3084,50.36,50.0,3153,51.8,13.62,6631,56.33,7.29,3074,57.46,5.15,3031,46.19,3.43,3153,49.6,24.02,6675,51.0,19.33,3031,52.2,8.8,3046,53.13,7.75,2502,53.78,7.41,3031,53.44,19.39,6675,50.41,17.81,3153,51.93,8.14,2502,51.61,5.43,3046,53.73,4.45
twistedfate,51.13,6655,53.11,59.89,6657,52.04,13.0,3087,44.34,6.15,6672,41.93,4.98,3094,43.76,3.94,3094,48.98,38.55,3100,53.75,25.8,4646,55.51,6.15,6653,56.54,4.57,4645,55.2,3.79,3100,51.06,25.25,3094,50.45,19.89,4645,53.6,10.03,3089,56.92,6.31,4646,51.06,4.88
twitch,52.83,3032,52.36,44.56,3153,58.11,18.76,6676,53.84,14.11,3115,46.72,11.84,6672,51.78,2.54,3085,54.69,51.8,3031,53.81,13.55,6676,52.19,7.46,4645,43.83,5.16,3089,50.82,5.12,3031,55.78,38.21,3085,55.29,17.33,3036,51.53,6.8,3153,53.35,4.13,3089,45.93,4.03
udyr,49.56,3118,49.37,31.87,6653,54.37,30.34,3084,46.94,15.14,3119,52.82,4.1,2502,50.26,2.98,6653,49.48,28.32,3119,53.8,21.34,2502,49.56,8.6,4645,52.09,7.55,3118,50.93,4.1,4645,51.03,15.45,2502,53.87,13.66,3116,46.99,6.46,3119,54.51,6.03,3065,55.52,5.81
urgot,49.18,3084,48.98,62.24,3748,50.56,12.4,3071,52.98,11.07,6631,50.51,6.6,6696,38.06,1.56,3748,49.45,38.45,3071,51.6,21.44,3053,54.31,6.15,2501,51.44,2.91,3083,49.17,2.77,3071,50.11,17.91,2501,53.72,12.31,3053,53.43,9.04,3075,47.18,7.43,3748,51.2,7.21
varus,52.36,126697,53.2,41.92,6676,48.94,18.18,3153,58.33,16.93,3115,44.56,6.39,3004,53.13,3.91,3004,52.61,43.15,3124,58.16,13.3,6676,49.94,9.93,126697,50.2,5.3,4646,43.39,2.6,6694,51.51,24.03,3004,50.12,11.21,6676,52.06,8.71,3302,57.35,7.57,3814,54.01,5.72
vayne,54.44,3153,56.16,59.8,6672,53.07,14.87,3087,53.53,7.52,3084,50.51,2.8,3078,52.88,2.66,3124,57.12,46.58,3091,54.06,14.49,3153,55.15,12.15,6672,54.96,5.88,3078,54.39,2.99,3091,57.01,23.19,3302,58.33,18.52,3124,57.13,13.33,3153,55.89,4.91,6665,53.39,4.44
veigar,48.78,6655,47.95,43.7,6657,50.03,39.77,3003,49.25,7.66,3118,44.24,3.27,3089,53.28,1.24,3003,49.47,28.26,3089,50.98,20.64,4645,45.64,19.28,4646,49.44,7.43,6657,48.03,4.16,3089,49.98,32.48,4645,49.33,14.42,3135,45.78,9.07,4646,49.35,5.9,3083,49.86,5.32
velkoz,51.93,6655,51.71,38.64,3118,50.68,35.17,2503,54.56,19.46,6653,53.11,2.56,3003,50.78,1.79,6653,52.06,38.74,4645,49.59,30.45,4628,53.57,6.57,4646,51.12,4.28,3118,51.31,3.67,4645,50.44,27.63,3089,52.1,20.35,4628,50.5,9.5,6653,50.1,7.03,3135,47.69,3.81
vex,51.19,6655,51.52,75.26,3118,48.31,12.66,2503,52.75,7.35,6653,53.29,1.07,4646,51.7,1.02,4645,50.56,38.28,4646,51.72,36.9,3157,49.83,5.83,6653,50.61,5.44,3089,56.47,2.46,4645,50.92,28.0,3089,52.78,19.25,3157,50.05,15.19,4646,50.34,11.13,3135,45.76,3.87
vi,45.22,6610,49.06,38.32,6676,39.84,17.28,126697,41.33,17.16,6692,43.73,15.84,3084,50.89,5.67,6692,46.65,28.86,6676,41.66,17.63,6610,46.15,12.79,3071,49.17,7.02,126697,42.11,5.49,6333,50.92,17.28,3053,49.99,8.75,6692,44.09,7.11,6610,44.57,6.09,3036,42.9,6.01
viego,50.55,6610,50.97,40.77,3078,50.49,21.68,6676,49.83,18.69,6672,50.09,7.98,3153,51.6,4.51,3153,51.0,24.88,6676,50.77,23.6,6610,50.02,12.46,3078,50.19,9.72,6673,50.42,7.57,6333,51.97,20.21,6673,51.56,15.66,3031,52.59,9.24,3053,50.84,7.72,3153,48.67,5.27
viktor,52.43,6655,51.88,39.17,2503,53.61,36.12,6657,51.5,17.29,3118,49.6,2.47,6653,55.78,2.02,6653,52.4,42.43,4645,51.49,26.98,3100,52.95,8.84,3003,53.09,4.45,2503,53.18,2.88,4645,50.94,23.88,3089,53.75,23.38,6653,51.22,7.61,3135,49.44,6.37,4646,50.46,6.09
vladimir,53.25,4633,52.09,41.13,3152,53.29,21.17,4629,54.64,17.45,4628,58.75,5.86,6653,53.18,4.72,4629,52.36,40.15,4633,53.96,16.92,3089,59.82,13.47,4645,53.02,8.52,6653,51.62,5.32,3089,57.44,32.09,3065,53.13,9.58,4645,55.73,9.29,4629,53.63,8.55,4633,56.0,6.91
volibear,48.31,3084,50.03,53.1,6657,46.89,20.52,2502,48.33,5.33,4629,46.2,3.97,3119,49.0,2.62,2502,49.79,30.85,6675,47.84,14.91,3065,51.04,10.73,3119,53.76,7.79,4633,51.8,4.15,3065,52.31,25.07,2502,51.48,12.72,3075,46.87,9.13,6675,48.16,5.77,3143,46.58,3.91
warwick,48.6,6610,49.02,31.48,3084,46.15,19.88,3153,50.51,15.1,6631,52.63,14.02,3074,51.03,4.03,3153,51.82,32.26,3065,48.21,14.84,6610,47.43,12.38,6631,52.95,5.47,3748,51.87,3.03,3065,52.26,24.27,3075,47.03,8.6,6333,52.14,8.46,3153,51.53,7.86,6610,53.86,4.74
wukong,53.24,6610,54.97,55.86,3078,53.14,22.19,6692,50.89,9.28,3084,49.23,3.85,126697,48.56,3.51,3078,54.9,36.04,6610,52.96,24.55,3071,53.5,10.01,6333,55.1,6.19,6692,52.93,6.1,6333,55.28,27.68,3071,53.09,16.46,3053,53.5,6.59,3156,55.72,6.52,6610,52.8,4.51
xayah,54.35,3032,54.67,67.68,3508,54.68,12.05,6676,53.57,9.33,6672,53.13,3.06,3087,51.77,2.64,6675,54.3,57.29,3031,57.14,21.44,6676,51.89,8.42,3032,53.03,2.85,3153,53.46,1.2,3031,55.59,43.25,6675,56.2,16.21,3036,54.03,9.59,3033,53.49,5.79,3072,53.32,5.74
xerath,52.58,6655,53.17,75.19,3118,49.13,9.66,2503,51.94,9.0,3003,49.66,2.61,6653,51.9,1.39,4628,51.85,42.44,4645,51.34,24.09,6653,50.54,10.56,3089,56.09,5.68,3003,51.64,3.74,4645,50.42,28.17,3089,53.64,23.85,4628,51.19,9.81,4646,53.3,6.28,3135,44.64,5.47
xinzhao,52.62,6610,54.51,64.89,6692,50.61,15.84,3084,50.09,5.88,126697,47.28,3.24,6676,40.84,1.8,6692,54.19,32.59,6610,52.36,16.73,6333,55.96,8.69,3071,56.02,7.79,3053,51.54,5.15,6333,56.78,27.26,3053,53.77,13.22,3071,54.33,4.66,3156,54.22,3.88,3153,50.07,3.76
yasuo,55.34,3153,56.03,55.6,3032,55.29,16.55,6672,54.96,9.42,3084,52.5,8.67,3031,56.52,1.74,6673,56.41,40.57,3031,57.25,26.95,3153,52.97,9.83,3091,52.32,3.56,3032,53.16,3.37,3031,57.54,34.19,6673,57.06,14.08,3072,59.3,6.16,3091,51.85,5.59,3153,55.24,3.96
yone,51.13,3153,51.55,65.59,3032,52.29,18.45,6672,47.62,6.83,3084,47.04,2.17,6673,49.22,1.46,6673,52.0,48.61,3031,53.85,24.72,3153,48.95,7.11,3091,47.61,3.78,3032,50.03,3.65,3031,54.71,37.5,6673,53.95,13.57,3091,47.8,7.92,3072,56.13,5.91,6333,54.07,3.67
yorick,53.38,6610,56.53,43.24,3078,53.96,14.75,3084,58.25,12.8,6692,45.81,5.5,2503,43.87,3.92,6662,59.04,23.81,6610,55.52,15.3,3078,55.25,10.56,3065,59.34,6.4,6694,46.25,5.32,3065,56.94,20.15,6694,48.45,7.72,6662,55.48,5.61,3075,52.06,5.01,6610,55.5,4.67
yuumi,47.34,6617,49.23,41.64,6655,44.2,34.68,3504,52.29,4.87,3222,49.0,3.54,3107,43.62,3.44,3504,50.92,18.77,4628,43.03,15.42,6617,48.69,12.74,3107,45.72,10.36,3222,49.01,10.33,3107,46.82,12.76,3222,47.73,11.7,3504,49.15,11.54,6621,49.82,9.76,4645,41.05,7.53
yunara,45.85,3032,44.39,54.37,6672,46.91,25.02,3153,53.75,11.56,6676,41.48,3.85,3031,42.47,0.93,3085,46.93,63.47,3031,46.52,12.88,6676,42.47,6.9,3032,43.83,2.46,3153,47.82,1.9,3031,48.62,45.64,3085,48.38,12.59,3036,42.31,7.66,3033,43.88,3.25,3072,49.39,2.88
zac,48.63,3084,48.1,61.57,2502,51.97,9.33,3065,52.26,8.0,3152,42.65,4.39,3068,52.19,3.83,2502,49.51,32.7,3065,51.23,24.09,3083,48.99,8.69,3068,50.95,5.72,3075,47.76,5.34,3065,51.17,21.57,2502,51.69,12.75,3075,46.74,11.42,3083,52.6,5.86,3068,50.46,5.74
zed,49.74,126697,50.79,66.74,6692,49.48,15.07,6676,42.34,8.07,6696,50.83,4.6,6699,48.36,2.24,6696,51.18,33.28,6692,49.01,25.41,6676,46.45,10.64,3071,47.5,5.57,6699,51.46,4.78,6694,49.5,21.11,6692,48.84,15.27,6696,50.86,13.08,6676,48.53,8.38,3161,49.75,7.25
zeri,52.97,3032,54.38,64.43,3087,51.76,18.38,3073,54.93,6.18,3118,42.04,3.81,6672,48.16,1.35,3085,54.57,63.7,3031,54.57,12.99,3032,52.18,4.94,3087,48.59,2.92,4646,41.1,2.0,3031,56.24,47.84,3085,55.7,11.87,3036,49.76,9.11,3033,51.1,4.73,3072,54.34,2.42
ziggs,50.14,6655,50.15,43.18,2503,50.4,36.47,3118,47.98,8.89,3003,50.89,5.44,6653,51.51,4.49,6653,49.5,45.44,4645,48.71,17.21,4628,51.69,10.14,3003,49.97,7.6,6655,50.09,4.53,4645,49.33,27.43,3089,50.73,18.03,6653,49.04,9.77,4628,50.51,5.84,3003,50.06,4.41
zilean,48.61,6655,48.12,53.69,3003,50.45,17.32,3118,46.37,13.41,2503,50.64,3.51,6657,54.76,3.47,4646,46.3,19.61,3003,50.02,17.51,4629,48.3,13.72,4645,46.25,10.24,6655,48.99,6.61,4645,45.29,15.84,3089,49.4,11.93,4629,49.57,11.22,4628,48.16,7.32,3137,46.56,5.98
zoe,51.16,6655,51.23,92.95,4646,49.44,3.12,2503,49.19,1.01,4645,51.32,0.53,3100,56.37,0.36,4646,51.11,40.07,4645,49.54,31.5,4628,50.99,12.34,3089,54.61,5.03,3100,54.82,2.84,4645,49.6,30.2,3089,51.65,25.5,4646,49.86,11.09,4628,49.0,9.29,3135,43.08,4.4
zyra,53.12,2503,53.84,61.01,6653,52.95,21.39,3118,49.95,12.56,6655,52.76,1.84,3116,55.33,1.59,6653,53.54,55.3,3116,52.07,21.86,2503,54.07,8.39,3118,50.38,3.0,3003,52.54,2.06,3116,52.56,36.47,6653,51.7,11.45,4645,52.44,10.67,8010,53.68,5.73,3165,48.37,5.36
